[INFO] Scanning for projects...
[INFO] 
[INFO] ----------------------< com.aipipeline:core-api >-----------------------
[INFO] Building core-api 0.1.0-SNAPSHOT
[INFO]   from pom.xml
[INFO] --------------------------------[ jar ]---------------------------------
[INFO] 
[INFO] >>> spring-boot:4.0.3:run (default-cli) > test-compile @ core-api >>>
[INFO] 
[INFO] --- resources:3.3.1:resources (default-resources) @ core-api ---
[INFO] Copying 1 resource from src\main\resources to target\classes
[INFO] Copying 8 resources from src\main\resources to target\classes
[INFO] 
[INFO] --- compiler:3.14.1:compile (default-compile) @ core-api ---
[INFO] Nothing to compile - all classes are up to date.
[INFO] 
[INFO] --- resources:3.3.1:testResources (default-testResources) @ core-api ---
[INFO] skip non existing resourceDirectory D:\async-ocr-rag-multimodal-pipeline\core-api\src\test\resources
[INFO] 
[INFO] --- compiler:3.14.1:testCompile (default-testCompile) @ core-api ---
[INFO] Nothing to compile - all classes are up to date.
[INFO] 
[INFO] <<< spring-boot:4.0.3:run (default-cli) < test-compile @ core-api <<<
[INFO] 
[INFO] 
[INFO] --- spring-boot:4.0.3:run (default-cli) @ core-api ---
[INFO] Attaching agents: []

  .   ____          _            __ _ _
 /\\ / ___'_ __ _ _(_)_ __  __ _ \ \ \ \
( ( )\___ | '_ | '_| | '_ \/ _` | \ \ \ \
 \\/  ___)| |_)| | | | | || (_| |  ) ) ) )
  '  |____| .__|_| |_|_| |_\__, | / / / /
 =========|_|==============|___/=/_/_/_/

 :: Spring Boot ::                (v4.0.3)

2026-05-03T21:50:34.771+09:00  INFO 31224 --- [core-api] [           main] c.aipipeline.coreapi.CoreApiApplication  : Starting CoreApiApplication using Java 21.0.8 with PID 31224 (D:\async-ocr-rag-multimodal-pipeline\core-api\target\classes started by sfr99 in D:\async-ocr-rag-multimodal-pipeline\core-api)
2026-05-03T21:50:34.773+09:00  INFO 31224 --- [core-api] [           main] c.aipipeline.coreapi.CoreApiApplication  : No active profile set, falling back to 1 default profile: "default"
2026-05-03T21:50:35.205+09:00  INFO 31224 --- [core-api] [           main] .s.d.r.c.RepositoryConfigurationDelegate : Multiple Spring Data modules found, entering strict repository configuration mode
2026-05-03T21:50:35.207+09:00  INFO 31224 --- [core-api] [           main] .s.d.r.c.RepositoryConfigurationDelegate : Bootstrapping Spring Data JPA repositories in DEFAULT mode.
2026-05-03T21:50:35.299+09:00  INFO 31224 --- [core-api] [           main] .s.d.r.c.RepositoryConfigurationDelegate : Finished Spring Data repository scanning in 87 ms. Found 13 JPA repository interfaces.
2026-05-03T21:50:35.322+09:00  INFO 31224 --- [core-api] [           main] .s.d.r.c.RepositoryConfigurationDelegate : Multiple Spring Data modules found, entering strict repository configuration mode
2026-05-03T21:50:35.322+09:00  INFO 31224 --- [core-api] [           main] .s.d.r.c.RepositoryConfigurationDelegate : Bootstrapping Spring Data Redis repositories in DEFAULT mode.
2026-05-03T21:50:35.334+09:00  INFO 31224 --- [core-api] [           main] .RepositoryConfigurationExtensionSupport : Spring Data Redis - Could not safely identify store assignment for repository candidate interface com.aipipeline.coreapi.artifact.adapter.out.persistence.ArtifactJpaRepository; If you want this repository to be a Redis repository, consider annotating your entities with one of these annotations: org.springframework.data.redis.core.RedisHash (preferred), or consider extending one of the following types with your repository: org.springframework.data.keyvalue.repository.KeyValueRepository
2026-05-03T21:50:35.335+09:00  INFO 31224 --- [core-api] [           main] .RepositoryConfigurationExtensionSupport : Spring Data Redis - Could not safely identify store assignment for repository candidate interface com.aipipeline.coreapi.catalog.adapter.out.persistence.CellMetadataJpaRepository; If you want this repository to be a Redis repository, consider annotating your entities with one of these annotations: org.springframework.data.redis.core.RedisHash (preferred), or consider extending one of the following types with your repository: org.springframework.data.keyvalue.repository.KeyValueRepository
2026-05-03T21:50:35.337+09:00  INFO 31224 --- [core-api] [           main] .RepositoryConfigurationExtensionSupport : Spring Data Redis - Could not safely identify store assignment for repository candidate interface com.aipipeline.coreapi.catalog.adapter.out.persistence.DocumentV2JpaRepository; If you want this repository to be a Redis repository, consider annotating your entities with one of these annotations: org.springframework.data.redis.core.RedisHash (preferred), or consider extending one of the following types with your repository: org.springframework.data.keyvalue.repository.KeyValueRepository
2026-05-03T21:50:35.338+09:00  INFO 31224 --- [core-api] [           main] .RepositoryConfigurationExtensionSupport : Spring Data Redis - Could not safely identify store assignment for repository candidate interface com.aipipeline.coreapi.catalog.adapter.out.persistence.DocumentVersionJpaRepository; If you want this repository to be a Redis repository, consider annotating your entities with one of these annotations: org.springframework.data.redis.core.RedisHash (preferred), or consider extending one of the following types with your repository: org.springframework.data.keyvalue.repository.KeyValueRepository
2026-05-03T21:50:35.339+09:00  INFO 31224 --- [core-api] [           main] .RepositoryConfigurationExtensionSupport : Spring Data Redis - Could not safely identify store assignment for repository candidate interface com.aipipeline.coreapi.catalog.adapter.out.persistence.EvalResultJpaRepository; If you want this repository to be a Redis repository, consider annotating your entities with one of these annotations: org.springframework.data.redis.core.RedisHash (preferred), or consider extending one of the following types with your repository: org.springframework.data.keyvalue.repository.KeyValueRepository
2026-05-03T21:50:35.339+09:00  INFO 31224 --- [core-api] [           main] .RepositoryConfigurationExtensionSupport : Spring Data Redis - Could not safely identify store assignment for repository candidate interface com.aipipeline.coreapi.catalog.adapter.out.persistence.ExtractedArtifactJpaRepository; If you want this repository to be a Redis repository, consider annotating your entities with one of these annotations: org.springframework.data.redis.core.RedisHash (preferred), or consider extending one of the following types with your repository: org.springframework.data.keyvalue.repository.KeyValueRepository
2026-05-03T21:50:35.340+09:00  INFO 31224 --- [core-api] [           main] .RepositoryConfigurationExtensionSupport : Spring Data Redis - Could not safely identify store assignment for repository candidate interface com.aipipeline.coreapi.catalog.adapter.out.persistence.IndexBuildJpaRepository; If you want this repository to be a Redis repository, consider annotating your entities with one of these annotations: org.springframework.data.redis.core.RedisHash (preferred), or consider extending one of the following types with your repository: org.springframework.data.keyvalue.repository.KeyValueRepository
2026-05-03T21:50:35.340+09:00  INFO 31224 --- [core-api] [           main] .RepositoryConfigurationExtensionSupport : Spring Data Redis - Could not safely identify store assignment for repository candidate interface com.aipipeline.coreapi.catalog.adapter.out.persistence.ParsedArtifactV2JpaRepository; If you want this repository to be a Redis repository, consider annotating your entities with one of these annotations: org.springframework.data.redis.core.RedisHash (preferred), or consider extending one of the following types with your repository: org.springframework.data.keyvalue.repository.KeyValueRepository
2026-05-03T21:50:35.341+09:00  INFO 31224 --- [core-api] [           main] .RepositoryConfigurationExtensionSupport : Spring Data Redis - Could not safely identify store assignment for repository candidate interface com.aipipeline.coreapi.catalog.adapter.out.persistence.PdfPageMetadataJpaRepository; If you want this repository to be a Redis repository, consider annotating your entities with one of these annotations: org.springframework.data.redis.core.RedisHash (preferred), or consider extending one of the following types with your repository: org.springframework.data.keyvalue.repository.KeyValueRepository
2026-05-03T21:50:35.342+09:00  INFO 31224 --- [core-api] [           main] .RepositoryConfigurationExtensionSupport : Spring Data Redis - Could not safely identify store assignment for repository candidate interface com.aipipeline.coreapi.catalog.adapter.out.persistence.SearchUnitJpaRepository; If you want this repository to be a Redis repository, consider annotating your entities with one of these annotations: org.springframework.data.redis.core.RedisHash (preferred), or consider extending one of the following types with your repository: org.springframework.data.keyvalue.repository.KeyValueRepository
2026-05-03T21:50:35.342+09:00  INFO 31224 --- [core-api] [           main] .RepositoryConfigurationExtensionSupport : Spring Data Redis - Could not safely identify store assignment for repository candidate interface com.aipipeline.coreapi.catalog.adapter.out.persistence.SourceFileJpaRepository; If you want this repository to be a Redis repository, consider annotating your entities with one of these annotations: org.springframework.data.redis.core.RedisHash (preferred), or consider extending one of the following types with your repository: org.springframework.data.keyvalue.repository.KeyValueRepository
2026-05-03T21:50:35.343+09:00  INFO 31224 --- [core-api] [           main] .RepositoryConfigurationExtensionSupport : Spring Data Redis - Could not safely identify store assignment for repository candidate interface com.aipipeline.coreapi.catalog.adapter.out.persistence.TableMetadataJpaRepository; If you want this repository to be a Redis repository, consider annotating your entities with one of these annotations: org.springframework.data.redis.core.RedisHash (preferred), or consider extending one of the following types with your repository: org.springframework.data.keyvalue.repository.KeyValueRepository
2026-05-03T21:50:35.344+09:00  INFO 31224 --- [core-api] [           main] .RepositoryConfigurationExtensionSupport : Spring Data Redis - Could not safely identify store assignment for repository candidate interface com.aipipeline.coreapi.job.adapter.out.persistence.JobJpaRepository; If you want this repository to be a Redis repository, consider annotating your entities with one of these annotations: org.springframework.data.redis.core.RedisHash (preferred), or consider extending one of the following types with your repository: org.springframework.data.keyvalue.repository.KeyValueRepository
2026-05-03T21:50:35.344+09:00  INFO 31224 --- [core-api] [           main] .s.d.r.c.RepositoryConfigurationDelegate : Finished Spring Data repository scanning in 17 ms. Found 0 Redis repository interfaces.
2026-05-03T21:50:35.636+09:00  INFO 31224 --- [core-api] [           main] o.s.boot.tomcat.TomcatWebServer          : Tomcat initialized with port 8080 (http)
2026-05-03T21:50:35.643+09:00  INFO 31224 --- [core-api] [           main] o.apache.catalina.core.StandardService   : Starting service [Tomcat]
2026-05-03T21:50:35.644+09:00  INFO 31224 --- [core-api] [           main] o.apache.catalina.core.StandardEngine    : Starting Servlet engine: [Apache Tomcat/11.0.18]
2026-05-03T21:50:35.682+09:00  INFO 31224 --- [core-api] [           main] b.w.c.s.WebApplicationContextInitializer : Root WebApplicationContext: initialization completed in 885 ms
2026-05-03T21:50:35.929+09:00  INFO 31224 --- [core-api] [           main] com.zaxxer.hikari.HikariDataSource       : HikariPool-1 - Starting...
2026-05-03T21:50:36.013+09:00  INFO 31224 --- [core-api] [           main] com.zaxxer.hikari.pool.HikariPool        : HikariPool-1 - Added connection org.postgresql.jdbc.PgConnection@7be7c052
2026-05-03T21:50:36.014+09:00  INFO 31224 --- [core-api] [           main] com.zaxxer.hikari.HikariDataSource       : HikariPool-1 - Start completed.
2026-05-03T21:50:36.030+09:00  INFO 31224 --- [core-api] [           main] org.flywaydb.core.FlywayExecutor         : Database: jdbc:postgresql://localhost:5433/aipipeline (PostgreSQL 18.3)
2026-05-03T21:50:36.063+09:00  INFO 31224 --- [core-api] [           main] o.f.core.internal.command.DbValidate     : Successfully validated 8 migrations (execution time 00:00.016s)
2026-05-03T21:50:36.087+09:00  INFO 31224 --- [core-api] [           main] o.f.core.internal.command.DbMigrate      : Current version of schema "public": 8
2026-05-03T21:50:36.090+09:00  INFO 31224 --- [core-api] [           main] o.f.core.internal.command.DbMigrate      : Schema "public" is up to date. No migration necessary.
2026-05-03T21:50:36.141+09:00  INFO 31224 --- [core-api] [           main] org.hibernate.orm.jpa                    : HHH008540: Processing PersistenceUnitInfo [name: default]
2026-05-03T21:50:36.162+09:00  INFO 31224 --- [core-api] [           main] org.hibernate.orm.core                   : HHH000001: Hibernate ORM core version 7.2.4.Final
2026-05-03T21:50:36.357+09:00  INFO 31224 --- [core-api] [           main] o.s.o.j.p.SpringPersistenceUnitInfo      : No LoadTimeWeaver setup: ignoring JPA class transformer
2026-05-03T21:50:36.397+09:00  INFO 31224 --- [core-api] [           main] org.hibernate.orm.connections.pooling    : HHH10001005: Database info:
	Database JDBC URL [jdbc:postgresql://localhost:5433/aipipeline]
	Database driver: PostgreSQL JDBC Driver
	Database dialect: PostgreSQLDialect
	Database version: 18.3
	Default catalog/schema: aipipeline/public
	Autocommit mode: undefined/unknown
	Isolation level: READ_COMMITTED [default READ_COMMITTED]
	JDBC fetch size: none
	Pool: DataSourceConnectionProvider
	Minimum pool size: undefined/unknown
	Maximum pool size: undefined/unknown
2026-05-03T21:50:36.923+09:00  INFO 31224 --- [core-api] [           main] org.hibernate.orm.core                   : HHH000489: No JTA platform available (set 'hibernate.transaction.jta.platform' to enable JTA platform integration)
2026-05-03T21:50:36.975+09:00  INFO 31224 --- [core-api] [           main] j.LocalContainerEntityManagerFactoryBean : Initialized JPA EntityManagerFactory for persistence unit 'default'
2026-05-03T21:50:37.012+09:00  INFO 31224 --- [core-api] [           main] o.s.d.j.r.query.QueryEnhancerFactories   : Hibernate is in classpath; If applicable, HQL parser will be used.
2026-05-03T21:50:37.087+09:00  INFO 31224 --- [core-api] [           main] .c.s.a.o.l.LocalFilesystemStorageAdapter : Local storage root: D:\async-ocr-rag-multimodal-pipeline\local-storage
2026-05-03T21:50:38.292+09:00  INFO 31224 --- [core-api] [           main] o.s.b.a.e.web.EndpointLinksResolver      : Exposing 2 endpoints beneath base path '/actuator'
2026-05-03T21:50:38.327+09:00  INFO 31224 --- [core-api] [           main] o.s.boot.tomcat.TomcatWebServer          : Tomcat started on port 8080 (http) with context path '/'
2026-05-03T21:50:38.333+09:00  INFO 31224 --- [core-api] [           main] c.aipipeline.coreapi.CoreApiApplication  : Started CoreApiApplication in 3.779 seconds (process running for 4.023)
2026-05-03T21:50:48.650+09:00  INFO 31224 --- [core-api] [nio-8080-exec-1] o.a.c.c.C.[Tomcat].[localhost].[/]       : Initializing Spring DispatcherServlet 'dispatcherServlet'
2026-05-03T21:50:48.651+09:00  INFO 31224 --- [core-api] [nio-8080-exec-1] o.s.web.servlet.DispatcherServlet        : Initializing Servlet 'dispatcherServlet'
2026-05-03T21:50:48.653+09:00  INFO 31224 --- [core-api] [nio-8080-exec-1] o.s.web.servlet.DispatcherServlet        : Completed initialization in 1 ms
2026-05-03T21:54:42.015+09:00  INFO 31224 --- [core-api] [nio-8080-exec-7] c.a.c.q.a.o.r.RedisJobDispatchAdapter    : Dispatched job ac8c7528-8db5-4b87-b18b-8095545948ce onto aipipeline:jobs:pending
2026-05-03T21:54:42.018+09:00  WARN 31224 --- [core-api] [nio-8080-exec-8] c.a.c.c.w.InternalSecretAuthInterceptor  : aipipeline.internal.secret is not configured — /api/internal/** requests are unauthenticated (dev mode)
2026-05-03T21:54:42.111+09:00  INFO 31224 --- [core-api] [nio-8080-exec-8] c.a.c.j.a.service.JobExecutionService    : Claim granted jobId=ac8c7528-8db5-4b87-b18b-8095545948ce workerToken=worker-local-1
2026-05-03T21:54:53.595+09:00  INFO 31224 --- [core-api] [nio-8080-exec-7] c.a.c.j.a.service.JobExecutionService    : Callback applied jobId=ac8c7528-8db5-4b87-b18b-8095545948ce outcome=SUCCEEDED status=SUCCEEDED
2026-05-03T21:54:57.331+09:00  INFO 31224 --- [core-api] [nio-8080-exec-1] c.a.c.q.a.o.r.RedisJobDispatchAdapter    : Dispatched job 0ab025f8-6ae3-4746-9b63-5946dff99afc onto aipipeline:jobs:pending
2026-05-03T21:54:57.339+09:00  INFO 31224 --- [core-api] [nio-8080-exec-2] c.a.c.j.a.service.JobExecutionService    : Claim granted jobId=0ab025f8-6ae3-4746-9b63-5946dff99afc workerToken=worker-local-1
2026-05-03T21:55:24.087+09:00  INFO 31224 --- [core-api] [nio-8080-exec-1] c.a.c.j.a.service.JobExecutionService    : Callback applied jobId=0ab025f8-6ae3-4746-9b63-5946dff99afc outcome=SUCCEEDED status=SUCCEEDED
2026-05-03T21:55:27.844+09:00  INFO 31224 --- [core-api] [nio-8080-exec-4] c.a.c.q.a.o.r.RedisJobDispatchAdapter    : Dispatched job 4203cd21-00e3-495c-a6b5-d103da76cf06 onto aipipeline:jobs:pending
2026-05-03T21:55:27.852+09:00  INFO 31224 --- [core-api] [nio-8080-exec-2] c.a.c.j.a.service.JobExecutionService    : Claim granted jobId=4203cd21-00e3-495c-a6b5-d103da76cf06 workerToken=worker-local-1
2026-05-03T21:55:48.762+09:00  INFO 31224 --- [core-api] [io-8080-exec-10] c.a.c.j.a.service.JobExecutionService    : Callback applied jobId=4203cd21-00e3-495c-a6b5-d103da76cf06 outcome=SUCCEEDED status=SUCCEEDED
2026-05-03T21:55:52.175+09:00  INFO 31224 --- [core-api] [nio-8080-exec-6] c.a.c.q.a.o.r.RedisJobDispatchAdapter    : Dispatched job f5493c36-9b67-4b33-89f2-ca140960c056 onto aipipeline:jobs:pending
2026-05-03T21:55:52.182+09:00  INFO 31224 --- [core-api] [nio-8080-exec-9] c.a.c.j.a.service.JobExecutionService    : Claim granted jobId=f5493c36-9b67-4b33-89f2-ca140960c056 workerToken=worker-local-1
2026-05-03T21:56:10.708+09:00  INFO 31224 --- [core-api] [io-8080-exec-10] c.a.c.j.a.service.JobExecutionService    : Callback applied jobId=f5493c36-9b67-4b33-89f2-ca140960c056 outcome=SUCCEEDED status=SUCCEEDED
2026-05-03T21:56:14.546+09:00  INFO 31224 --- [core-api] [nio-8080-exec-9] c.a.c.q.a.o.r.RedisJobDispatchAdapter    : Dispatched job d5c56818-f6de-400b-87d1-ace269f5180f onto aipipeline:jobs:pending
2026-05-03T21:56:14.554+09:00  INFO 31224 --- [core-api] [nio-8080-exec-8] c.a.c.j.a.service.JobExecutionService    : Claim granted jobId=d5c56818-f6de-400b-87d1-ace269f5180f workerToken=worker-local-1
2026-05-03T21:56:40.106+09:00  INFO 31224 --- [core-api] [nio-8080-exec-1] c.a.c.j.a.service.JobExecutionService    : Callback applied jobId=d5c56818-f6de-400b-87d1-ace269f5180f outcome=SUCCEEDED status=SUCCEEDED
2026-05-03T21:56:43.911+09:00  INFO 31224 --- [core-api] [nio-8080-exec-7] c.a.c.q.a.o.r.RedisJobDispatchAdapter    : Dispatched job 534cdae8-13c3-40f4-9ad8-0eb956a4c121 onto aipipeline:jobs:pending
2026-05-03T21:56:43.918+09:00  INFO 31224 --- [core-api] [nio-8080-exec-9] c.a.c.j.a.service.JobExecutionService    : Claim granted jobId=534cdae8-13c3-40f4-9ad8-0eb956a4c121 workerToken=worker-local-1
2026-05-03T21:56:44.228+09:00  INFO 31224 --- [core-api] [nio-8080-exec-5] c.a.c.j.a.service.JobExecutionService    : Callback applied jobId=534cdae8-13c3-40f4-9ad8-0eb956a4c121 outcome=SUCCEEDED status=SUCCEEDED
2026-05-03T21:56:45.172+09:00  INFO 31224 --- [core-api] [io-8080-exec-10] c.a.c.q.a.o.r.RedisJobDispatchAdapter    : Dispatched job 1db91c11-3a61-4488-bee9-493eba7db268 onto aipipeline:jobs:pending
2026-05-03T21:56:45.178+09:00  INFO 31224 --- [core-api] [nio-8080-exec-7] c.a.c.j.a.service.JobExecutionService    : Claim granted jobId=1db91c11-3a61-4488-bee9-493eba7db268 workerToken=worker-local-1
2026-05-03T21:56:54.660+09:00  INFO 31224 --- [core-api] [nio-8080-exec-6] c.a.c.j.a.service.JobExecutionService    : Callback applied jobId=1db91c11-3a61-4488-bee9-493eba7db268 outcome=SUCCEEDED status=SUCCEEDED
2026-05-03T21:56:56.548+09:00  INFO 31224 --- [core-api] [io-8080-exec-10] c.a.c.q.a.o.r.RedisJobDispatchAdapter    : Dispatched job 8850755b-4dba-4c72-955f-c65b750f90d2 onto aipipeline:jobs:pending
2026-05-03T21:56:56.555+09:00  INFO 31224 --- [core-api] [nio-8080-exec-8] c.a.c.j.a.service.JobExecutionService    : Claim granted jobId=8850755b-4dba-4c72-955f-c65b750f90d2 workerToken=worker-local-1
2026-05-03T21:56:57.506+09:00  INFO 31224 --- [core-api] [nio-8080-exec-2] c.a.c.j.a.service.JobExecutionService    : Callback applied jobId=8850755b-4dba-4c72-955f-c65b750f90d2 outcome=SUCCEEDED status=SUCCEEDED
2026-05-03T21:57:09.818+09:00  INFO 31224 --- [core-api] [nio-8080-exec-7] c.a.c.q.a.o.r.RedisJobDispatchAdapter    : Dispatched job 3af74500-5773-4992-a2ae-3e49a815dd73 onto aipipeline:jobs:pending
2026-05-03T21:57:09.841+09:00  INFO 31224 --- [core-api] [nio-8080-exec-4] c.a.c.j.a.service.JobExecutionService    : Claim granted jobId=3af74500-5773-4992-a2ae-3e49a815dd73 workerToken=worker-local-1
2026-05-03T21:57:22.628+09:00  INFO 31224 --- [core-api] [nio-8080-exec-2] c.a.c.j.a.service.JobExecutionService    : Callback applied jobId=3af74500-5773-4992-a2ae-3e49a815dd73 outcome=SUCCEEDED status=SUCCEEDED
2026-05-03T21:57:23.096+09:00  INFO 31224 --- [core-api] [nio-8080-exec-9] c.a.c.q.a.o.r.RedisJobDispatchAdapter    : Dispatched job c2e9c74a-c68e-49e2-a64b-6b86d492b129 onto aipipeline:jobs:pending
2026-05-03T21:57:23.101+09:00  INFO 31224 --- [core-api] [nio-8080-exec-4] c.a.c.j.a.service.JobExecutionService    : Claim granted jobId=c2e9c74a-c68e-49e2-a64b-6b86d492b129 workerToken=worker-local-1
2026-05-03T21:57:35.436+09:00  INFO 31224 --- [core-api] [nio-8080-exec-1] c.a.c.j.a.service.JobExecutionService    : Callback applied jobId=c2e9c74a-c68e-49e2-a64b-6b86d492b129 outcome=SUCCEEDED status=SUCCEEDED
2026-05-03T21:57:36.457+09:00  INFO 31224 --- [core-api] [nio-8080-exec-3] c.a.c.q.a.o.r.RedisJobDispatchAdapter    : Dispatched job 5eea282a-0f48-4ff1-a43e-fb2f9ccb1f1c onto aipipeline:jobs:pending
2026-05-03T21:57:36.463+09:00  INFO 31224 --- [core-api] [nio-8080-exec-4] c.a.c.j.a.service.JobExecutionService    : Claim granted jobId=5eea282a-0f48-4ff1-a43e-fb2f9ccb1f1c workerToken=worker-local-1
2026-05-03T21:57:48.898+09:00  INFO 31224 --- [core-api] [nio-8080-exec-2] c.a.c.j.a.service.JobExecutionService    : Callback applied jobId=5eea282a-0f48-4ff1-a43e-fb2f9ccb1f1c outcome=SUCCEEDED status=SUCCEEDED
2026-05-03T21:57:49.743+09:00  INFO 31224 --- [core-api] [nio-8080-exec-6] c.a.c.q.a.o.r.RedisJobDispatchAdapter    : Dispatched job ee30e911-2a69-479f-9df8-fc1ec804585f onto aipipeline:jobs:pending
2026-05-03T21:57:49.750+09:00  INFO 31224 --- [core-api] [nio-8080-exec-4] c.a.c.j.a.service.JobExecutionService    : Claim granted jobId=ee30e911-2a69-479f-9df8-fc1ec804585f workerToken=worker-local-1
2026-05-03T21:58:01.283+09:00  INFO 31224 --- [core-api] [nio-8080-exec-1] c.a.c.j.a.service.JobExecutionService    : Callback applied jobId=ee30e911-2a69-479f-9df8-fc1ec804585f outcome=SUCCEEDED status=SUCCEEDED
2026-05-03T21:58:02.155+09:00  INFO 31224 --- [core-api] [nio-8080-exec-6] c.a.c.q.a.o.r.RedisJobDispatchAdapter    : Dispatched job 73ada915-d524-4a2c-99b0-80376d2bec46 onto aipipeline:jobs:pending
2026-05-03T21:58:02.163+09:00  INFO 31224 --- [core-api] [nio-8080-exec-5] c.a.c.j.a.service.JobExecutionService    : Claim granted jobId=73ada915-d524-4a2c-99b0-80376d2bec46 workerToken=worker-local-1
2026-05-03T21:58:13.758+09:00  INFO 31224 --- [core-api] [nio-8080-exec-7] c.a.c.j.a.service.JobExecutionService    : Callback applied jobId=73ada915-d524-4a2c-99b0-80376d2bec46 outcome=SUCCEEDED status=SUCCEEDED
2026-05-03T21:58:14.466+09:00  INFO 31224 --- [core-api] [nio-8080-exec-6] c.a.c.q.a.o.r.RedisJobDispatchAdapter    : Dispatched job f99d5ab4-45ad-4824-83f2-676521df7b9d onto aipipeline:jobs:pending
2026-05-03T21:58:14.473+09:00  INFO 31224 --- [core-api] [nio-8080-exec-4] c.a.c.j.a.service.JobExecutionService    : Claim granted jobId=f99d5ab4-45ad-4824-83f2-676521df7b9d workerToken=worker-local-1
2026-05-03T21:58:26.205+09:00  INFO 31224 --- [core-api] [nio-8080-exec-2] c.a.c.j.a.service.JobExecutionService    : Callback applied jobId=f99d5ab4-45ad-4824-83f2-676521df7b9d outcome=SUCCEEDED status=SUCCEEDED
2026-05-03T21:58:26.860+09:00  INFO 31224 --- [core-api] [nio-8080-exec-6] c.a.c.q.a.o.r.RedisJobDispatchAdapter    : Dispatched job 33d6c72d-7111-49cf-8eb3-6f10d72d32f0 onto aipipeline:jobs:pending
2026-05-03T21:58:26.867+09:00  INFO 31224 --- [core-api] [nio-8080-exec-5] c.a.c.j.a.service.JobExecutionService    : Claim granted jobId=33d6c72d-7111-49cf-8eb3-6f10d72d32f0 workerToken=worker-local-1
2026-05-03T21:58:37.816+09:00  INFO 31224 --- [core-api] [nio-8080-exec-1] c.a.c.j.a.service.JobExecutionService    : Callback applied jobId=33d6c72d-7111-49cf-8eb3-6f10d72d32f0 outcome=SUCCEEDED status=SUCCEEDED
2026-05-03T21:58:38.162+09:00  INFO 31224 --- [core-api] [nio-8080-exec-3] c.a.c.q.a.o.r.RedisJobDispatchAdapter    : Dispatched job 090c43f8-0eb7-4730-a7eb-56396dd5482c onto aipipeline:jobs:pending
2026-05-03T21:58:38.169+09:00  INFO 31224 --- [core-api] [nio-8080-exec-6] c.a.c.j.a.service.JobExecutionService    : Claim granted jobId=090c43f8-0eb7-4730-a7eb-56396dd5482c workerToken=worker-local-1
2026-05-03T21:58:48.615+09:00  INFO 31224 --- [core-api] [nio-8080-exec-8] c.a.c.j.a.service.JobExecutionService    : Callback applied jobId=090c43f8-0eb7-4730-a7eb-56396dd5482c outcome=SUCCEEDED status=SUCCEEDED
2026-05-03T22:09:21.076+09:00  INFO 31224 --- [core-api] [nio-8080-exec-2] c.a.c.q.a.o.r.RedisJobDispatchAdapter    : Dispatched job bf36529e-b80a-4cda-9ed3-3846674e7b92 onto aipipeline:jobs:pending
2026-05-03T22:09:21.115+09:00  INFO 31224 --- [core-api] [nio-8080-exec-9] c.a.c.j.a.service.JobExecutionService    : Claim granted jobId=bf36529e-b80a-4cda-9ed3-3846674e7b92 workerToken=worker-local-1
2026-05-03T22:09:36.759+09:00  INFO 31224 --- [core-api] [nio-8080-exec-1] c.a.c.j.a.service.JobExecutionService    : Callback applied jobId=bf36529e-b80a-4cda-9ed3-3846674e7b92 outcome=SUCCEEDED status=SUCCEEDED
2026-05-03T22:15:27.563+09:00  INFO 31224 --- [core-api] [nio-8080-exec-9] c.a.c.q.a.o.r.RedisJobDispatchAdapter    : Dispatched job 1ff9cd74-f953-45a9-9b7e-c61a4b3bba28 onto aipipeline:jobs:pending
2026-05-03T22:15:27.616+09:00  INFO 31224 --- [core-api] [nio-8080-exec-3] c.a.c.j.a.service.JobExecutionService    : Claim granted jobId=1ff9cd74-f953-45a9-9b7e-c61a4b3bba28 workerToken=worker-local-1
2026-05-03T22:15:35.036+09:00  INFO 31224 --- [core-api] [nio-8080-exec-5] c.a.c.j.a.service.JobExecutionService    : Callback applied jobId=1ff9cd74-f953-45a9-9b7e-c61a4b3bba28 outcome=SUCCEEDED status=SUCCEEDED
2026-05-03T22:16:08.551+09:00 ERROR 31224 --- [core-api] [nio-8080-exec-2] c.a.c.common.web.GlobalExceptionHandler  : Unhandled exception

org.springframework.http.converter.HttpMessageNotWritableException: Could not write JSON: ServletOutputStream failed to write: java.io.IOException: 현재 연결은 사용자의 호스트 시스템의 소프트웨어의 의해 중단되었습니다
	at org.springframework.http.converter.AbstractJacksonHttpMessageConverter.writeInternal(AbstractJacksonHttpMessageConverter.java:444) ~[spring-web-7.0.5.jar:7.0.5]
	at org.springframework.http.converter.AbstractSmartHttpMessageConverter.write(AbstractSmartHttpMessageConverter.java:116) ~[spring-web-7.0.5.jar:7.0.5]
	at org.springframework.web.servlet.mvc.method.annotation.AbstractMessageConverterMethodProcessor.writeWithMessageConverters(AbstractMessageConverterMethodProcessor.java:343) ~[spring-webmvc-7.0.5.jar:7.0.5]
	at org.springframework.web.servlet.mvc.method.annotation.HttpEntityMethodProcessor.handleReturnValue(HttpEntityMethodProcessor.java:261) ~[spring-webmvc-7.0.5.jar:7.0.5]
	at org.springframework.web.servlet.mvc.method.annotation.ResponseEntityReturnValueHandler.handleReturnValue(ResponseEntityReturnValueHandler.java:80) ~[spring-webmvc-7.0.5.jar:7.0.5]
	at org.springframework.web.method.support.HandlerMethodReturnValueHandlerComposite.handleReturnValue(HandlerMethodReturnValueHandlerComposite.java:78) ~[spring-web-7.0.5.jar:7.0.5]
	at org.springframework.web.servlet.mvc.method.annotation.ServletInvocableHandlerMethod.invokeAndHandle(ServletInvocableHandlerMethod.java:135) ~[spring-webmvc-7.0.5.jar:7.0.5]
	at org.springframework.web.servlet.mvc.method.annotation.RequestMappingHandlerAdapter.invokeHandlerMethod(RequestMappingHandlerAdapter.java:934) ~[spring-webmvc-7.0.5.jar:7.0.5]
	at org.springframework.web.servlet.mvc.method.annotation.RequestMappingHandlerAdapter.handleInternal(RequestMappingHandlerAdapter.java:853) ~[spring-webmvc-7.0.5.jar:7.0.5]
	at org.springframework.web.servlet.mvc.method.AbstractHandlerMethodAdapter.handle(AbstractHandlerMethodAdapter.java:86) ~[spring-webmvc-7.0.5.jar:7.0.5]
	at org.springframework.web.servlet.DispatcherServlet.doDispatch(DispatcherServlet.java:963) ~[spring-webmvc-7.0.5.jar:7.0.5]
	at org.springframework.web.servlet.DispatcherServlet.doService(DispatcherServlet.java:866) ~[spring-webmvc-7.0.5.jar:7.0.5]
	at org.springframework.web.servlet.FrameworkServlet.processRequest(FrameworkServlet.java:1000) ~[spring-webmvc-7.0.5.jar:7.0.5]
	at org.springframework.web.servlet.FrameworkServlet.doGet(FrameworkServlet.java:892) ~[spring-webmvc-7.0.5.jar:7.0.5]
	at jakarta.servlet.http.HttpServlet.service(HttpServlet.java:622) ~[tomcat-embed-core-11.0.18.jar:6.1]
	at org.springframework.web.servlet.FrameworkServlet.service(FrameworkServlet.java:874) ~[spring-webmvc-7.0.5.jar:7.0.5]
	at jakarta.servlet.http.HttpServlet.service(HttpServlet.java:710) ~[tomcat-embed-core-11.0.18.jar:6.1]
	at org.apache.catalina.core.ApplicationFilterChain.doFilter(ApplicationFilterChain.java:128) ~[tomcat-embed-core-11.0.18.jar:11.0.18]
	at org.apache.tomcat.websocket.server.WsFilter.doFilter(WsFilter.java:53) ~[tomcat-embed-websocket-11.0.18.jar:11.0.18]
	at org.apache.catalina.core.ApplicationFilterChain.doFilter(ApplicationFilterChain.java:107) ~[tomcat-embed-core-11.0.18.jar:11.0.18]
	at org.springframework.web.filter.RequestContextFilter.doFilterInternal(RequestContextFilter.java:100) ~[spring-web-7.0.5.jar:7.0.5]
	at org.springframework.web.filter.OncePerRequestFilter.doFilter(OncePerRequestFilter.java:116) ~[spring-web-7.0.5.jar:7.0.5]
	at org.apache.catalina.core.ApplicationFilterChain.doFilter(ApplicationFilterChain.java:107) ~[tomcat-embed-core-11.0.18.jar:11.0.18]
	at org.springframework.web.filter.FormContentFilter.doFilterInternal(FormContentFilter.java:93) ~[spring-web-7.0.5.jar:7.0.5]
	at org.springframework.web.filter.OncePerRequestFilter.doFilter(OncePerRequestFilter.java:116) ~[spring-web-7.0.5.jar:7.0.5]
	at org.apache.catalina.core.ApplicationFilterChain.doFilter(ApplicationFilterChain.java:107) ~[tomcat-embed-core-11.0.18.jar:11.0.18]
	at org.springframework.web.filter.ServerHttpObservationFilter.doFilterInternal(ServerHttpObservationFilter.java:110) ~[spring-web-7.0.5.jar:7.0.5]
	at org.springframework.web.filter.OncePerRequestFilter.doFilter(OncePerRequestFilter.java:116) ~[spring-web-7.0.5.jar:7.0.5]
	at org.apache.catalina.core.ApplicationFilterChain.doFilter(ApplicationFilterChain.java:107) ~[tomcat-embed-core-11.0.18.jar:11.0.18]
	at org.springframework.web.filter.CharacterEncodingFilter.doFilterInternal(CharacterEncodingFilter.java:199) ~[spring-web-7.0.5.jar:7.0.5]
	at org.springframework.web.filter.OncePerRequestFilter.doFilter(OncePerRequestFilter.java:116) ~[spring-web-7.0.5.jar:7.0.5]
	at org.apache.catalina.core.ApplicationFilterChain.doFilter(ApplicationFilterChain.java:107) ~[tomcat-embed-core-11.0.18.jar:11.0.18]
	at org.apache.catalina.core.StandardWrapperValve.invoke(StandardWrapperValve.java:165) ~[tomcat-embed-core-11.0.18.jar:11.0.18]
	at org.apache.catalina.core.StandardContextValve.invoke(StandardContextValve.java:77) ~[tomcat-embed-core-11.0.18.jar:11.0.18]
	at org.apache.catalina.authenticator.AuthenticatorBase.invoke(AuthenticatorBase.java:492) ~[tomcat-embed-core-11.0.18.jar:11.0.18]
	at org.apache.catalina.core.StandardHostValve.invoke(StandardHostValve.java:113) ~[tomcat-embed-core-11.0.18.jar:11.0.18]
	at org.apache.catalina.valves.ErrorReportValve.invoke(ErrorReportValve.java:83) ~[tomcat-embed-core-11.0.18.jar:11.0.18]
	at org.apache.catalina.core.StandardEngineValve.invoke(StandardEngineValve.java:72) ~[tomcat-embed-core-11.0.18.jar:11.0.18]
	at org.apache.catalina.connector.CoyoteAdapter.service(CoyoteAdapter.java:341) ~[tomcat-embed-core-11.0.18.jar:11.0.18]
	at org.apache.coyote.http11.Http11Processor.service(Http11Processor.java:397) ~[tomcat-embed-core-11.0.18.jar:11.0.18]
	at org.apache.coyote.AbstractProcessorLight.process(AbstractProcessorLight.java:63) ~[tomcat-embed-core-11.0.18.jar:11.0.18]
	at org.apache.coyote.AbstractProtocol$ConnectionHandler.process(AbstractProtocol.java:903) ~[tomcat-embed-core-11.0.18.jar:11.0.18]
	at org.apache.tomcat.util.net.NioEndpoint$SocketProcessor.doRun(NioEndpoint.java:1779) ~[tomcat-embed-core-11.0.18.jar:11.0.18]
	at org.apache.tomcat.util.net.SocketProcessorBase.run(SocketProcessorBase.java:52) ~[tomcat-embed-core-11.0.18.jar:11.0.18]
	at org.apache.tomcat.util.threads.ThreadPoolExecutor.runWorker(ThreadPoolExecutor.java:946) ~[tomcat-embed-core-11.0.18.jar:11.0.18]
	at org.apache.tomcat.util.threads.ThreadPoolExecutor$Worker.run(ThreadPoolExecutor.java:480) ~[tomcat-embed-core-11.0.18.jar:11.0.18]
	at org.apache.tomcat.util.threads.TaskThread$WrappingRunnable.run(TaskThread.java:57) ~[tomcat-embed-core-11.0.18.jar:11.0.18]
	at java.base/java.lang.Thread.run(Thread.java:1583) ~[na:na]
Caused by: tools.jackson.databind.DatabindException: ServletOutputStream failed to write: java.io.IOException: 현재 연결은 사용자의 호스트 시스템의 소프트웨어의 의해 중단되었습니다
 at [No location information] (through reference chain: com.aipipeline.coreapi.catalog.adapter.in.web.DocumentCatalogController$LibrarySearchResponse["results"]->java.util.ImmutableCollections$ListN[4]->com.aipipeline.coreapi.catalog.adapter.in.web.DocumentCatalogController$LibrarySearchResult["searchUnit"]->com.aipipeline.coreapi.catalog.adapter.in.web.DocumentCatalogController$SearchUnitResponse["displayText"])
	at tools.jackson.databind.DatabindException.wrapWithPath(DatabindException.java:132) ~[jackson-databind-3.0.4.jar:3.0.4]
	at tools.jackson.databind.ser.std.StdSerializer.wrapAndThrow(StdSerializer.java:275) ~[jackson-databind-3.0.4.jar:3.0.4]
	at tools.jackson.databind.ser.bean.BeanSerializerBase._serializePropertiesNoView(BeanSerializerBase.java:771) ~[jackson-databind-3.0.4.jar:3.0.4]
	at tools.jackson.databind.ser.BeanSerializer.serialize(BeanSerializer.java:171) ~[jackson-databind-3.0.4.jar:3.0.4]
	at tools.jackson.databind.ser.BeanPropertyWriter.serializeAsProperty(BeanPropertyWriter.java:608) ~[jackson-databind-3.0.4.jar:3.0.4]
	at tools.jackson.databind.ser.UnrolledBeanSerializer.serializeNonFiltered(UnrolledBeanSerializer.java:209) ~[jackson-databind-3.0.4.jar:3.0.4]
	at tools.jackson.databind.ser.UnrolledBeanSerializer.serialize(UnrolledBeanSerializer.java:179) ~[jackson-databind-3.0.4.jar:3.0.4]
	at tools.jackson.databind.ser.jdk.IndexedListSerializer.serializeContentsUsing(IndexedListSerializer.java:141) ~[jackson-databind-3.0.4.jar:3.0.4]
	at tools.jackson.databind.ser.jdk.IndexedListSerializer.serializeContents(IndexedListSerializer.java:89) ~[jackson-databind-3.0.4.jar:3.0.4]
	at tools.jackson.databind.ser.jdk.IndexedListSerializer.serialize(IndexedListSerializer.java:79) ~[jackson-databind-3.0.4.jar:3.0.4]
	at tools.jackson.databind.ser.BeanPropertyWriter.serializeAsProperty(BeanPropertyWriter.java:608) ~[jackson-databind-3.0.4.jar:3.0.4]
	at tools.jackson.databind.ser.UnrolledBeanSerializer.serializeNonFiltered(UnrolledBeanSerializer.java:209) ~[jackson-databind-3.0.4.jar:3.0.4]
	at tools.jackson.databind.ser.UnrolledBeanSerializer.serialize(UnrolledBeanSerializer.java:179) ~[jackson-databind-3.0.4.jar:3.0.4]
	at tools.jackson.databind.ser.SerializationContextExt._serialize(SerializationContextExt.java:456) ~[jackson-databind-3.0.4.jar:3.0.4]
	at tools.jackson.databind.ser.SerializationContextExt.serializeValue(SerializationContextExt.java:308) ~[jackson-databind-3.0.4.jar:3.0.4]
	at tools.jackson.databind.ObjectWriter$Prefetch.serialize(ObjectWriter.java:1365) ~[jackson-databind-3.0.4.jar:3.0.4]
	at tools.jackson.databind.ObjectWriter.writeValue(ObjectWriter.java:973) ~[jackson-databind-3.0.4.jar:3.0.4]
	at org.springframework.http.converter.AbstractJacksonHttpMessageConverter.writeInternal(AbstractJacksonHttpMessageConverter.java:436) ~[spring-web-7.0.5.jar:7.0.5]
	... 47 common frames omitted
	Suppressed: tools.jackson.core.exc.JacksonIOException: Response not usable after response errors.
 at [No location information]
		at tools.jackson.core.exc.JacksonIOException.construct(JacksonIOException.java:39) ~[jackson-core-3.0.4.jar:3.0.4]
		at tools.jackson.core.JsonGenerator._wrapIOFailure(JsonGenerator.java:2476) ~[jackson-core-3.0.4.jar:3.0.4]
		at tools.jackson.core.json.UTF8JsonGenerator._flushBuffer(UTF8JsonGenerator.java:2343) ~[jackson-core-3.0.4.jar:3.0.4]
		at tools.jackson.core.json.UTF8JsonGenerator._closeInput(UTF8JsonGenerator.java:1265) ~[jackson-core-3.0.4.jar:3.0.4]
		at tools.jackson.core.base.GeneratorBase.close(GeneratorBase.java:334) ~[jackson-core-3.0.4.jar:3.0.4]
		at org.springframework.http.converter.AbstractJacksonHttpMessageConverter.writeInternal(AbstractJacksonHttpMessageConverter.java:434) ~[spring-web-7.0.5.jar:7.0.5]
		... 47 common frames omitted
	Caused by: org.springframework.web.context.request.async.AsyncRequestNotUsableException: Response not usable after response errors.
		at org.springframework.web.context.request.async.StandardServletAsyncWebRequest$LifecycleHttpServletResponse.obtainLockOrRaiseException(StandardServletAsyncWebRequest.java:332)
		at org.springframework.web.context.request.async.StandardServletAsyncWebRequest$LifecycleServletOutputStream.write(StandardServletAsyncWebRequest.java:394)
		at org.springframework.util.StreamUtils$NonClosingOutputStream.write(StreamUtils.java:284)
		at tools.jackson.core.json.UTF8JsonGenerator._flushBuffer(UTF8JsonGenerator.java:2341)
		... 50 common frames omitted
Caused by: org.springframework.web.context.request.async.AsyncRequestNotUsableException: ServletOutputStream failed to write: java.io.IOException: 현재 연결은 사용자의 호스트 시스템의 소프트웨어의 의해 중단되었습니다
	at org.springframework.web.context.request.async.StandardServletAsyncWebRequest$LifecycleHttpServletResponse.handleIOException(StandardServletAsyncWebRequest.java:340) ~[spring-web-7.0.5.jar:7.0.5]
	at org.springframework.web.context.request.async.StandardServletAsyncWebRequest$LifecycleServletOutputStream.write(StandardServletAsyncWebRequest.java:399) ~[spring-web-7.0.5.jar:7.0.5]
	at org.springframework.util.StreamUtils$NonClosingOutputStream.write(StreamUtils.java:284) ~[spring-core-7.0.5.jar:7.0.5]
	at tools.jackson.core.json.UTF8JsonGenerator._flushBuffer(UTF8JsonGenerator.java:2341) ~[jackson-core-3.0.4.jar:3.0.4]
	at tools.jackson.core.json.UTF8JsonGenerator._writeStringSegment2(UTF8JsonGenerator.java:1586) ~[jackson-core-3.0.4.jar:3.0.4]
	at tools.jackson.core.json.UTF8JsonGenerator._writeStringSegment(UTF8JsonGenerator.java:1520) ~[jackson-core-3.0.4.jar:3.0.4]
	at tools.jackson.core.json.UTF8JsonGenerator._writeStringSegments(UTF8JsonGenerator.java:1393) ~[jackson-core-3.0.4.jar:3.0.4]
	at tools.jackson.core.json.UTF8JsonGenerator.writeString(UTF8JsonGenerator.java:531) ~[jackson-core-3.0.4.jar:3.0.4]
	at tools.jackson.databind.ser.jdk.StringSerializer.serialize(StringSerializer.java:35) ~[jackson-databind-3.0.4.jar:3.0.4]
	at tools.jackson.databind.ser.BeanPropertyWriter.serializeAsProperty(BeanPropertyWriter.java:608) ~[jackson-databind-3.0.4.jar:3.0.4]
	at tools.jackson.databind.ser.bean.BeanSerializerBase._serializePropertiesNoView(BeanSerializerBase.java:747) ~[jackson-databind-3.0.4.jar:3.0.4]
	... 62 common frames omitted
Caused by: org.apache.catalina.connector.ClientAbortException: java.io.IOException: 현재 연결은 사용자의 호스트 시스템의 소프트웨어의 의해 중단되었습니다
	at org.apache.catalina.connector.OutputBuffer.realWriteBytes(OutputBuffer.java:328) ~[tomcat-embed-core-11.0.18.jar:11.0.18]
	at org.apache.catalina.connector.OutputBuffer.flushByteBuffer(OutputBuffer.java:764) ~[tomcat-embed-core-11.0.18.jar:11.0.18]
	at org.apache.catalina.connector.OutputBuffer.append(OutputBuffer.java:661) ~[tomcat-embed-core-11.0.18.jar:11.0.18]
	at org.apache.catalina.connector.OutputBuffer.writeBytes(OutputBuffer.java:363) ~[tomcat-embed-core-11.0.18.jar:11.0.18]
	at org.apache.catalina.connector.OutputBuffer.write(OutputBuffer.java:341) ~[tomcat-embed-core-11.0.18.jar:11.0.18]
	at org.apache.catalina.connector.CoyoteOutputStream.write(CoyoteOutputStream.java:99) ~[tomcat-embed-core-11.0.18.jar:11.0.18]
	at org.springframework.web.context.request.async.StandardServletAsyncWebRequest$LifecycleServletOutputStream.write(StandardServletAsyncWebRequest.java:396) ~[spring-web-7.0.5.jar:7.0.5]
	... 71 common frames omitted
Caused by: java.io.IOException: 현재 연결은 사용자의 호스트 시스템의 소프트웨어의 의해 중단되었습니다
	at java.base/sun.nio.ch.SocketDispatcher.write0(Native Method) ~[na:na]
	at java.base/sun.nio.ch.SocketDispatcher.write(SocketDispatcher.java:54) ~[na:na]
	at java.base/sun.nio.ch.IOUtil.writeFromNativeBuffer(IOUtil.java:137) ~[na:na]
	at java.base/sun.nio.ch.IOUtil.write(IOUtil.java:102) ~[na:na]
	at java.base/sun.nio.ch.IOUtil.write(IOUtil.java:58) ~[na:na]
	at java.base/sun.nio.ch.SocketChannelImpl.write(SocketChannelImpl.java:542) ~[na:na]
	at org.apache.tomcat.util.net.NioChannel.write(NioChannel.java:129) ~[tomcat-embed-core-11.0.18.jar:11.0.18]
	at org.apache.tomcat.util.net.NioEndpoint$NioSocketWrapper.doWrite(NioEndpoint.java:1419) ~[tomcat-embed-core-11.0.18.jar:11.0.18]
	at org.apache.tomcat.util.net.SocketWrapperBase.doWrite(SocketWrapperBase.java:747) ~[tomcat-embed-core-11.0.18.jar:11.0.18]
	at org.apache.tomcat.util.net.SocketWrapperBase.writeBlocking(SocketWrapperBase.java:587) ~[tomcat-embed-core-11.0.18.jar:11.0.18]
	at org.apache.tomcat.util.net.SocketWrapperBase.write(SocketWrapperBase.java:535) ~[tomcat-embed-core-11.0.18.jar:11.0.18]
	at org.apache.coyote.http11.Http11OutputBuffer$SocketOutputBuffer.doWrite(Http11OutputBuffer.java:537) ~[tomcat-embed-core-11.0.18.jar:11.0.18]
	at org.apache.coyote.http11.filters.ChunkedOutputFilter.doWrite(ChunkedOutputFilter.java:109) ~[tomcat-embed-core-11.0.18.jar:11.0.18]
	at org.apache.coyote.http11.Http11OutputBuffer.doWrite(Http11OutputBuffer.java:193) ~[tomcat-embed-core-11.0.18.jar:11.0.18]
	at org.apache.coyote.Response.doWrite(Response.java:633) ~[tomcat-embed-core-11.0.18.jar:11.0.18]
	at org.apache.catalina.connector.OutputBuffer.realWriteBytes(OutputBuffer.java:316) ~[tomcat-embed-core-11.0.18.jar:11.0.18]
	... 77 common frames omitted

2026-05-03T22:16:30.449+09:00  INFO 31224 --- [core-api] [nio-8080-exec-4] c.a.c.q.a.o.r.RedisJobDispatchAdapter    : Dispatched job dbaa0ddf-5cef-4590-a4a5-0c2248bc5493 onto aipipeline:jobs:pending
2026-05-03T22:16:30.476+09:00  INFO 31224 --- [core-api] [nio-8080-exec-6] c.a.c.j.a.service.JobExecutionService    : Claim granted jobId=dbaa0ddf-5cef-4590-a4a5-0c2248bc5493 workerToken=worker-local-1
2026-05-03T22:16:30.682+09:00  INFO 31224 --- [core-api] [nio-8080-exec-1] c.a.c.j.a.service.JobExecutionService    : Callback applied jobId=dbaa0ddf-5cef-4590-a4a5-0c2248bc5493 outcome=SUCCEEDED status=SUCCEEDED
2026-05-03T22:16:35.263+09:00  INFO 31224 --- [core-api] [nio-8080-exec-4] c.a.c.q.a.o.r.RedisJobDispatchAdapter    : Dispatched job f99e13dc-1525-4140-81e0-ee8c6fc34baa onto aipipeline:jobs:pending
2026-05-03T22:16:35.269+09:00  INFO 31224 --- [core-api] [nio-8080-exec-8] c.a.c.j.a.service.JobExecutionService    : Claim granted jobId=f99e13dc-1525-4140-81e0-ee8c6fc34baa workerToken=worker-local-1
2026-05-03T22:16:45.737+09:00  INFO 31224 --- [core-api] [nio-8080-exec-3] c.a.c.j.a.service.JobExecutionService    : Callback applied jobId=f99e13dc-1525-4140-81e0-ee8c6fc34baa outcome=SUCCEEDED status=SUCCEEDED
2026-05-03T22:16:49.620+09:00  INFO 31224 --- [core-api] [io-8080-exec-10] c.a.c.q.a.o.r.RedisJobDispatchAdapter    : Dispatched job aa1796e3-731a-49e1-af92-b41346dee84b onto aipipeline:jobs:pending
2026-05-03T22:16:49.628+09:00  INFO 31224 --- [core-api] [nio-8080-exec-7] c.a.c.j.a.service.JobExecutionService    : Claim granted jobId=aa1796e3-731a-49e1-af92-b41346dee84b workerToken=worker-local-1
2026-05-03T22:17:16.313+09:00  INFO 31224 --- [core-api] [nio-8080-exec-5] c.a.c.j.a.service.JobExecutionService    : Callback applied jobId=aa1796e3-731a-49e1-af92-b41346dee84b outcome=SUCCEEDED status=SUCCEEDED
2026-05-03T22:17:19.994+09:00  INFO 31224 --- [core-api] [nio-8080-exec-8] c.a.c.q.a.o.r.RedisJobDispatchAdapter    : Dispatched job 54277502-66e7-4e93-8db9-1043773a03a5 onto aipipeline:jobs:pending
2026-05-03T22:17:19.999+09:00  INFO 31224 --- [core-api] [nio-8080-exec-7] c.a.c.j.a.service.JobExecutionService    : Claim granted jobId=54277502-66e7-4e93-8db9-1043773a03a5 workerToken=worker-local-1
2026-05-03T22:17:41.879+09:00  INFO 31224 --- [core-api] [nio-8080-exec-1] c.a.c.j.a.service.JobExecutionService    : Callback applied jobId=54277502-66e7-4e93-8db9-1043773a03a5 outcome=SUCCEEDED status=SUCCEEDED
2026-05-03T22:17:45.349+09:00  INFO 31224 --- [core-api] [nio-8080-exec-4] c.a.c.q.a.o.r.RedisJobDispatchAdapter    : Dispatched job 712a1d5c-589e-4d0e-bc6b-0c45378eb04e onto aipipeline:jobs:pending
2026-05-03T22:17:45.355+09:00  INFO 31224 --- [core-api] [nio-8080-exec-3] c.a.c.j.a.service.JobExecutionService    : Claim granted jobId=712a1d5c-589e-4d0e-bc6b-0c45378eb04e workerToken=worker-local-1
2026-05-03T22:18:03.439+09:00  INFO 31224 --- [core-api] [nio-8080-exec-7] c.a.c.j.a.service.JobExecutionService    : Callback applied jobId=712a1d5c-589e-4d0e-bc6b-0c45378eb04e outcome=SUCCEEDED status=SUCCEEDED
2026-05-03T22:18:06.829+09:00  INFO 31224 --- [core-api] [nio-8080-exec-6] c.a.c.q.a.o.r.RedisJobDispatchAdapter    : Dispatched job 721eacbf-ae64-4603-a166-236c490eaf05 onto aipipeline:jobs:pending
2026-05-03T22:18:06.834+09:00  INFO 31224 --- [core-api] [nio-8080-exec-3] c.a.c.j.a.service.JobExecutionService    : Claim granted jobId=721eacbf-ae64-4603-a166-236c490eaf05 workerToken=worker-local-1
2026-05-03T22:18:32.446+09:00  INFO 31224 --- [core-api] [io-8080-exec-10] c.a.c.j.a.service.JobExecutionService    : Callback applied jobId=721eacbf-ae64-4603-a166-236c490eaf05 outcome=SUCCEEDED status=SUCCEEDED
2026-05-03T22:18:36.161+09:00  INFO 31224 --- [core-api] [nio-8080-exec-8] c.a.c.q.a.o.r.RedisJobDispatchAdapter    : Dispatched job 38a23fd2-55ce-4c8d-83cd-53827ae2929e onto aipipeline:jobs:pending
2026-05-03T22:18:36.166+09:00  INFO 31224 --- [core-api] [nio-8080-exec-6] c.a.c.j.a.service.JobExecutionService    : Claim granted jobId=38a23fd2-55ce-4c8d-83cd-53827ae2929e workerToken=worker-local-1
2026-05-03T22:18:36.476+09:00  INFO 31224 --- [core-api] [nio-8080-exec-1] c.a.c.j.a.service.JobExecutionService    : Callback applied jobId=38a23fd2-55ce-4c8d-83cd-53827ae2929e outcome=SUCCEEDED status=SUCCEEDED
2026-05-03T22:18:37.414+09:00  INFO 31224 --- [core-api] [nio-8080-exec-3] c.a.c.q.a.o.r.RedisJobDispatchAdapter    : Dispatched job 786ad9fe-9f69-416c-ab30-eda128403eb8 onto aipipeline:jobs:pending
2026-05-03T22:18:37.419+09:00  INFO 31224 --- [core-api] [nio-8080-exec-8] c.a.c.j.a.service.JobExecutionService    : Claim granted jobId=786ad9fe-9f69-416c-ab30-eda128403eb8 workerToken=worker-local-1
2026-05-03T22:18:47.836+09:00  INFO 31224 --- [core-api] [nio-8080-exec-3] c.a.c.j.a.service.JobExecutionService    : Callback applied jobId=786ad9fe-9f69-416c-ab30-eda128403eb8 outcome=SUCCEEDED status=SUCCEEDED
2026-05-03T22:18:49.697+09:00  INFO 31224 --- [core-api] [nio-8080-exec-7] c.a.c.q.a.o.r.RedisJobDispatchAdapter    : Dispatched job 362f4d91-f130-453d-a840-93d852370103 onto aipipeline:jobs:pending
2026-05-03T22:18:49.703+09:00  INFO 31224 --- [core-api] [nio-8080-exec-8] c.a.c.j.a.service.JobExecutionService    : Claim granted jobId=362f4d91-f130-453d-a840-93d852370103 workerToken=worker-local-1
2026-05-03T22:18:50.621+09:00  INFO 31224 --- [core-api] [nio-8080-exec-1] c.a.c.j.a.service.JobExecutionService    : Callback applied jobId=362f4d91-f130-453d-a840-93d852370103 outcome=SUCCEEDED status=SUCCEEDED
2026-05-03T22:18:56.624+09:00  INFO 31224 --- [core-api] [nio-8080-exec-6] c.a.c.q.a.o.r.RedisJobDispatchAdapter    : Dispatched job d10d3461-e82e-42a3-af39-b75377ddaf03 onto aipipeline:jobs:pending
2026-05-03T22:18:56.644+09:00  INFO 31224 --- [core-api] [nio-8080-exec-9] c.a.c.j.a.service.JobExecutionService    : Claim granted jobId=d10d3461-e82e-42a3-af39-b75377ddaf03 workerToken=worker-local-1
2026-05-03T22:18:59.161+09:00  INFO 31224 --- [core-api] [nio-8080-exec-5] c.a.c.j.a.service.JobExecutionService    : Callback applied jobId=d10d3461-e82e-42a3-af39-b75377ddaf03 outcome=SUCCEEDED status=SUCCEEDED
2026-05-03T22:20:13.675+09:00  INFO 31224 --- [core-api] [nio-8080-exec-9] c.a.c.q.a.o.r.RedisJobDispatchAdapter    : Dispatched job 6530d595-0780-4ee4-b5a9-c4fd7e516a2c onto aipipeline:jobs:pending
2026-05-03T22:20:13.707+09:00  INFO 31224 --- [core-api] [nio-8080-exec-3] c.a.c.j.a.service.JobExecutionService    : Claim granted jobId=6530d595-0780-4ee4-b5a9-c4fd7e516a2c workerToken=worker-local-1
2026-05-03T22:20:13.883+09:00  INFO 31224 --- [core-api] [nio-8080-exec-5] c.a.c.j.a.service.JobExecutionService    : Callback applied jobId=6530d595-0780-4ee4-b5a9-c4fd7e516a2c outcome=SUCCEEDED status=SUCCEEDED
2026-05-03T22:20:19.001+09:00  INFO 31224 --- [core-api] [nio-8080-exec-2] c.a.c.q.a.o.r.RedisJobDispatchAdapter    : Dispatched job 0a8a5479-db6d-4304-a2b4-42fd5d222715 onto aipipeline:jobs:pending
2026-05-03T22:20:19.073+09:00  INFO 31224 --- [core-api] [nio-8080-exec-3] c.a.c.j.a.service.JobExecutionService    : Claim granted jobId=0a8a5479-db6d-4304-a2b4-42fd5d222715 workerToken=worker-local-1
2026-05-03T22:24:19.465+09:00  INFO 31224 --- [core-api] [nio-8080-exec-4] c.a.c.q.a.o.r.RedisJobDispatchAdapter    : Dispatched job cd79f337-4d95-419d-90cc-10584f376f7c onto aipipeline:jobs:pending
2026-05-03T22:24:20.814+09:00  INFO 31224 --- [core-api] [   scheduling-1] c.a.c.q.a.o.r.RedisJobDispatchAdapter    : Dispatched job cd79f337-4d95-419d-90cc-10584f376f7c onto aipipeline:jobs:pending
2026-05-03T22:24:20.848+09:00  INFO 31224 --- [core-api] [   scheduling-1] c.a.c.j.a.service.JobDispatchReconciler  : Dispatch reconciliation scanned 1 candidate(s), redispatched 1
2026-05-03T22:24:30.885+09:00  INFO 31224 --- [core-api] [   scheduling-1] c.a.c.q.a.o.r.RedisJobDispatchAdapter    : Dispatched job cd79f337-4d95-419d-90cc-10584f376f7c onto aipipeline:jobs:pending
2026-05-03T22:24:31.380+09:00  INFO 31224 --- [core-api] [   scheduling-1] c.a.c.j.a.service.JobDispatchReconciler  : Dispatch reconciliation scanned 1 candidate(s), redispatched 1
2026-05-03T22:24:41.437+09:00  INFO 31224 --- [core-api] [   scheduling-1] c.a.c.q.a.o.r.RedisJobDispatchAdapter    : Dispatched job cd79f337-4d95-419d-90cc-10584f376f7c onto aipipeline:jobs:pending
2026-05-03T22:24:41.438+09:00  INFO 31224 --- [core-api] [   scheduling-1] c.a.c.j.a.service.JobDispatchReconciler  : Dispatch reconciliation scanned 1 candidate(s), redispatched 1
2026-05-03T22:24:51.548+09:00  INFO 31224 --- [core-api] [   scheduling-1] c.a.c.q.a.o.r.RedisJobDispatchAdapter    : Dispatched job cd79f337-4d95-419d-90cc-10584f376f7c onto aipipeline:jobs:pending
2026-05-03T22:24:51.548+09:00  INFO 31224 --- [core-api] [   scheduling-1] c.a.c.j.a.service.JobDispatchReconciler  : Dispatch reconciliation scanned 1 candidate(s), redispatched 1
2026-05-03T22:25:01.733+09:00  INFO 31224 --- [core-api] [   scheduling-1] c.a.c.q.a.o.r.RedisJobDispatchAdapter    : Dispatched job cd79f337-4d95-419d-90cc-10584f376f7c onto aipipeline:jobs:pending
2026-05-03T22:25:01.734+09:00  INFO 31224 --- [core-api] [   scheduling-1] c.a.c.j.a.service.JobDispatchReconciler  : Dispatch reconciliation scanned 1 candidate(s), redispatched 1
2026-05-03T22:25:11.769+09:00  INFO 31224 --- [core-api] [   scheduling-1] c.a.c.q.a.o.r.RedisJobDispatchAdapter    : Dispatched job cd79f337-4d95-419d-90cc-10584f376f7c onto aipipeline:jobs:pending
2026-05-03T22:25:11.775+09:00  INFO 31224 --- [core-api] [   scheduling-1] c.a.c.j.a.service.JobDispatchReconciler  : Dispatch reconciliation scanned 1 candidate(s), redispatched 1
2026-05-03T22:25:21.862+09:00  INFO 31224 --- [core-api] [   scheduling-1] c.a.c.q.a.o.r.RedisJobDispatchAdapter    : Dispatched job cd79f337-4d95-419d-90cc-10584f376f7c onto aipipeline:jobs:pending
2026-05-03T22:25:21.863+09:00  INFO 31224 --- [core-api] [   scheduling-1] c.a.c.j.a.service.JobDispatchReconciler  : Dispatch reconciliation scanned 1 candidate(s), redispatched 1
2026-05-03T22:25:31.949+09:00  INFO 31224 --- [core-api] [   scheduling-1] c.a.c.q.a.o.r.RedisJobDispatchAdapter    : Dispatched job cd79f337-4d95-419d-90cc-10584f376f7c onto aipipeline:jobs:pending
2026-05-03T22:25:31.950+09:00  INFO 31224 --- [core-api] [   scheduling-1] c.a.c.j.a.service.JobDispatchReconciler  : Dispatch reconciliation scanned 1 candidate(s), redispatched 1
2026-05-03T22:25:41.992+09:00  INFO 31224 --- [core-api] [   scheduling-1] c.a.c.q.a.o.r.RedisJobDispatchAdapter    : Dispatched job cd79f337-4d95-419d-90cc-10584f376f7c onto aipipeline:jobs:pending
2026-05-03T22:25:42.032+09:00  INFO 31224 --- [core-api] [   scheduling-1] c.a.c.j.a.service.JobDispatchReconciler  : Dispatch reconciliation scanned 1 candidate(s), redispatched 1
2026-05-03T22:25:52.074+09:00  INFO 31224 --- [core-api] [   scheduling-1] c.a.c.q.a.o.r.RedisJobDispatchAdapter    : Dispatched job cd79f337-4d95-419d-90cc-10584f376f7c onto aipipeline:jobs:pending
2026-05-03T22:25:52.127+09:00  INFO 31224 --- [core-api] [   scheduling-1] c.a.c.j.a.service.JobDispatchReconciler  : Dispatch reconciliation scanned 1 candidate(s), redispatched 1
2026-05-03T22:26:02.146+09:00  INFO 31224 --- [core-api] [   scheduling-1] c.a.c.q.a.o.r.RedisJobDispatchAdapter    : Dispatched job cd79f337-4d95-419d-90cc-10584f376f7c onto aipipeline:jobs:pending
2026-05-03T22:26:02.188+09:00  INFO 31224 --- [core-api] [   scheduling-1] c.a.c.j.a.service.JobDispatchReconciler  : Dispatch reconciliation scanned 1 candidate(s), redispatched 1
2026-05-03T22:26:12.249+09:00  INFO 31224 --- [core-api] [   scheduling-1] c.a.c.q.a.o.r.RedisJobDispatchAdapter    : Dispatched job cd79f337-4d95-419d-90cc-10584f376f7c onto aipipeline:jobs:pending
2026-05-03T22:26:12.249+09:00  INFO 31224 --- [core-api] [   scheduling-1] c.a.c.j.a.service.JobDispatchReconciler  : Dispatch reconciliation scanned 1 candidate(s), redispatched 1
2026-05-03T22:26:22.276+09:00  INFO 31224 --- [core-api] [   scheduling-1] c.a.c.q.a.o.r.RedisJobDispatchAdapter    : Dispatched job cd79f337-4d95-419d-90cc-10584f376f7c onto aipipeline:jobs:pending
2026-05-03T22:26:22.333+09:00  INFO 31224 --- [core-api] [   scheduling-1] c.a.c.j.a.service.JobDispatchReconciler  : Dispatch reconciliation scanned 1 candidate(s), redispatched 1
2026-05-03T22:26:32.400+09:00  INFO 31224 --- [core-api] [   scheduling-1] c.a.c.q.a.o.r.RedisJobDispatchAdapter    : Dispatched job cd79f337-4d95-419d-90cc-10584f376f7c onto aipipeline:jobs:pending
2026-05-03T22:26:32.401+09:00  INFO 31224 --- [core-api] [   scheduling-1] c.a.c.j.a.service.JobDispatchReconciler  : Dispatch reconciliation scanned 1 candidate(s), redispatched 1
2026-05-03T22:26:42.430+09:00  INFO 31224 --- [core-api] [   scheduling-1] c.a.c.q.a.o.r.RedisJobDispatchAdapter    : Dispatched job cd79f337-4d95-419d-90cc-10584f376f7c onto aipipeline:jobs:pending
2026-05-03T22:26:42.431+09:00  INFO 31224 --- [core-api] [   scheduling-1] c.a.c.j.a.service.JobDispatchReconciler  : Dispatch reconciliation scanned 1 candidate(s), redispatched 1
2026-05-03T22:26:52.446+09:00  INFO 31224 --- [core-api] [   scheduling-1] c.a.c.q.a.o.r.RedisJobDispatchAdapter    : Dispatched job cd79f337-4d95-419d-90cc-10584f376f7c onto aipipeline:jobs:pending
2026-05-03T22:26:52.491+09:00  INFO 31224 --- [core-api] [   scheduling-1] c.a.c.j.a.service.JobDispatchReconciler  : Dispatch reconciliation scanned 1 candidate(s), redispatched 1
2026-05-03T22:27:02.533+09:00  INFO 31224 --- [core-api] [   scheduling-1] c.a.c.q.a.o.r.RedisJobDispatchAdapter    : Dispatched job cd79f337-4d95-419d-90cc-10584f376f7c onto aipipeline:jobs:pending
2026-05-03T22:27:02.585+09:00  INFO 31224 --- [core-api] [   scheduling-1] c.a.c.j.a.service.JobDispatchReconciler  : Dispatch reconciliation scanned 1 candidate(s), redispatched 1
2026-05-03T22:27:12.645+09:00  INFO 31224 --- [core-api] [   scheduling-1] c.a.c.q.a.o.r.RedisJobDispatchAdapter    : Dispatched job cd79f337-4d95-419d-90cc-10584f376f7c onto aipipeline:jobs:pending
2026-05-03T22:27:12.647+09:00  INFO 31224 --- [core-api] [   scheduling-1] c.a.c.j.a.service.JobDispatchReconciler  : Dispatch reconciliation scanned 1 candidate(s), redispatched 1
2026-05-03T22:27:22.694+09:00  INFO 31224 --- [core-api] [   scheduling-1] c.a.c.q.a.o.r.RedisJobDispatchAdapter    : Dispatched job cd79f337-4d95-419d-90cc-10584f376f7c onto aipipeline:jobs:pending
2026-05-03T22:27:22.695+09:00  INFO 31224 --- [core-api] [   scheduling-1] c.a.c.j.a.service.JobDispatchReconciler  : Dispatch reconciliation scanned 1 candidate(s), redispatched 1
2026-05-03T22:27:32.759+09:00  INFO 31224 --- [core-api] [   scheduling-1] c.a.c.q.a.o.r.RedisJobDispatchAdapter    : Dispatched job cd79f337-4d95-419d-90cc-10584f376f7c onto aipipeline:jobs:pending
2026-05-03T22:27:32.800+09:00  INFO 31224 --- [core-api] [   scheduling-1] c.a.c.j.a.service.JobDispatchReconciler  : Dispatch reconciliation scanned 1 candidate(s), redispatched 1
2026-05-03T22:27:42.852+09:00  INFO 31224 --- [core-api] [   scheduling-1] c.a.c.q.a.o.r.RedisJobDispatchAdapter    : Dispatched job cd79f337-4d95-419d-90cc-10584f376f7c onto aipipeline:jobs:pending
2026-05-03T22:27:42.858+09:00  INFO 31224 --- [core-api] [   scheduling-1] c.a.c.j.a.service.JobDispatchReconciler  : Dispatch reconciliation scanned 1 candidate(s), redispatched 1
2026-05-03T22:27:52.938+09:00  INFO 31224 --- [core-api] [   scheduling-1] c.a.c.q.a.o.r.RedisJobDispatchAdapter    : Dispatched job cd79f337-4d95-419d-90cc-10584f376f7c onto aipipeline:jobs:pending
2026-05-03T22:27:52.974+09:00  INFO 31224 --- [core-api] [   scheduling-1] c.a.c.j.a.service.JobDispatchReconciler  : Dispatch reconciliation scanned 1 candidate(s), redispatched 1
2026-05-03T22:28:03.028+09:00  INFO 31224 --- [core-api] [   scheduling-1] c.a.c.q.a.o.r.RedisJobDispatchAdapter    : Dispatched job cd79f337-4d95-419d-90cc-10584f376f7c onto aipipeline:jobs:pending
2026-05-03T22:28:03.034+09:00  INFO 31224 --- [core-api] [   scheduling-1] c.a.c.j.a.service.JobDispatchReconciler  : Dispatch reconciliation scanned 1 candidate(s), redispatched 1
2026-05-03T22:28:13.111+09:00  INFO 31224 --- [core-api] [   scheduling-1] c.a.c.q.a.o.r.RedisJobDispatchAdapter    : Dispatched job cd79f337-4d95-419d-90cc-10584f376f7c onto aipipeline:jobs:pending
2026-05-03T22:28:13.150+09:00  INFO 31224 --- [core-api] [   scheduling-1] c.a.c.j.a.service.JobDispatchReconciler  : Dispatch reconciliation scanned 1 candidate(s), redispatched 1
2026-05-03T22:28:20.382+09:00  INFO 31224 --- [core-api] [nio-8080-exec-4] c.a.c.q.a.o.r.RedisJobDispatchAdapter    : Dispatched job 59dc98d7-109d-4161-8740-03e48f406043 onto aipipeline:jobs:pending
2026-05-03T22:28:23.271+09:00  INFO 31224 --- [core-api] [   scheduling-1] c.a.c.q.a.o.r.RedisJobDispatchAdapter    : Dispatched job cd79f337-4d95-419d-90cc-10584f376f7c onto aipipeline:jobs:pending
2026-05-03T22:28:23.274+09:00  INFO 31224 --- [core-api] [   scheduling-1] c.a.c.q.a.o.r.RedisJobDispatchAdapter    : Dispatched job 59dc98d7-109d-4161-8740-03e48f406043 onto aipipeline:jobs:pending
2026-05-03T22:28:23.275+09:00  INFO 31224 --- [core-api] [   scheduling-1] c.a.c.j.a.service.JobDispatchReconciler  : Dispatch reconciliation scanned 2 candidate(s), redispatched 2
2026-05-03T22:28:33.297+09:00  INFO 31224 --- [core-api] [   scheduling-1] c.a.c.q.a.o.r.RedisJobDispatchAdapter    : Dispatched job cd79f337-4d95-419d-90cc-10584f376f7c onto aipipeline:jobs:pending
2026-05-03T22:28:33.337+09:00  INFO 31224 --- [core-api] [   scheduling-1] c.a.c.q.a.o.r.RedisJobDispatchAdapter    : Dispatched job 59dc98d7-109d-4161-8740-03e48f406043 onto aipipeline:jobs:pending
2026-05-03T22:28:33.355+09:00  INFO 31224 --- [core-api] [   scheduling-1] c.a.c.j.a.service.JobDispatchReconciler  : Dispatch reconciliation scanned 2 candidate(s), redispatched 2
2026-05-03T22:28:43.385+09:00  INFO 31224 --- [core-api] [   scheduling-1] c.a.c.q.a.o.r.RedisJobDispatchAdapter    : Dispatched job cd79f337-4d95-419d-90cc-10584f376f7c onto aipipeline:jobs:pending
2026-05-03T22:28:43.433+09:00  INFO 31224 --- [core-api] [   scheduling-1] c.a.c.q.a.o.r.RedisJobDispatchAdapter    : Dispatched job 59dc98d7-109d-4161-8740-03e48f406043 onto aipipeline:jobs:pending
2026-05-03T22:28:43.473+09:00  INFO 31224 --- [core-api] [   scheduling-1] c.a.c.j.a.service.JobDispatchReconciler  : Dispatch reconciliation scanned 2 candidate(s), redispatched 2
2026-05-03T22:28:53.499+09:00  INFO 31224 --- [core-api] [   scheduling-1] c.a.c.q.a.o.r.RedisJobDispatchAdapter    : Dispatched job cd79f337-4d95-419d-90cc-10584f376f7c onto aipipeline:jobs:pending
2026-05-03T22:28:53.541+09:00  INFO 31224 --- [core-api] [   scheduling-1] c.a.c.q.a.o.r.RedisJobDispatchAdapter    : Dispatched job 59dc98d7-109d-4161-8740-03e48f406043 onto aipipeline:jobs:pending
2026-05-03T22:28:53.560+09:00  INFO 31224 --- [core-api] [   scheduling-1] c.a.c.j.a.service.JobDispatchReconciler  : Dispatch reconciliation scanned 2 candidate(s), redispatched 2
2026-05-03T22:29:03.585+09:00  INFO 31224 --- [core-api] [   scheduling-1] c.a.c.q.a.o.r.RedisJobDispatchAdapter    : Dispatched job cd79f337-4d95-419d-90cc-10584f376f7c onto aipipeline:jobs:pending
2026-05-03T22:29:03.639+09:00  INFO 31224 --- [core-api] [   scheduling-1] c.a.c.q.a.o.r.RedisJobDispatchAdapter    : Dispatched job 59dc98d7-109d-4161-8740-03e48f406043 onto aipipeline:jobs:pending
2026-05-03T22:29:03.653+09:00  INFO 31224 --- [core-api] [   scheduling-1] c.a.c.j.a.service.JobDispatchReconciler  : Dispatch reconciliation scanned 2 candidate(s), redispatched 2
2026-05-03T22:29:13.673+09:00  INFO 31224 --- [core-api] [   scheduling-1] c.a.c.q.a.o.r.RedisJobDispatchAdapter    : Dispatched job cd79f337-4d95-419d-90cc-10584f376f7c onto aipipeline:jobs:pending
2026-05-03T22:29:13.806+09:00  INFO 31224 --- [core-api] [   scheduling-1] c.a.c.q.a.o.r.RedisJobDispatchAdapter    : Dispatched job 59dc98d7-109d-4161-8740-03e48f406043 onto aipipeline:jobs:pending
2026-05-03T22:29:13.840+09:00  INFO 31224 --- [core-api] [   scheduling-1] c.a.c.j.a.service.JobDispatchReconciler  : Dispatch reconciliation scanned 2 candidate(s), redispatched 2
2026-05-03T22:29:23.871+09:00  INFO 31224 --- [core-api] [   scheduling-1] c.a.c.q.a.o.r.RedisJobDispatchAdapter    : Dispatched job cd79f337-4d95-419d-90cc-10584f376f7c onto aipipeline:jobs:pending
2026-05-03T22:29:23.922+09:00  INFO 31224 --- [core-api] [   scheduling-1] c.a.c.q.a.o.r.RedisJobDispatchAdapter    : Dispatched job 59dc98d7-109d-4161-8740-03e48f406043 onto aipipeline:jobs:pending
2026-05-03T22:29:23.938+09:00  INFO 31224 --- [core-api] [   scheduling-1] c.a.c.j.a.service.JobDispatchReconciler  : Dispatch reconciliation scanned 2 candidate(s), redispatched 2
2026-05-03T22:29:34.052+09:00  INFO 31224 --- [core-api] [   scheduling-1] c.a.c.q.a.o.r.RedisJobDispatchAdapter    : Dispatched job cd79f337-4d95-419d-90cc-10584f376f7c onto aipipeline:jobs:pending
2026-05-03T22:29:34.115+09:00  INFO 31224 --- [core-api] [   scheduling-1] c.a.c.q.a.o.r.RedisJobDispatchAdapter    : Dispatched job 59dc98d7-109d-4161-8740-03e48f406043 onto aipipeline:jobs:pending
2026-05-03T22:29:34.128+09:00  INFO 31224 --- [core-api] [   scheduling-1] c.a.c.j.a.service.JobDispatchReconciler  : Dispatch reconciliation scanned 2 candidate(s), redispatched 2
2026-05-03T22:29:44.144+09:00  INFO 31224 --- [core-api] [   scheduling-1] c.a.c.q.a.o.r.RedisJobDispatchAdapter    : Dispatched job cd79f337-4d95-419d-90cc-10584f376f7c onto aipipeline:jobs:pending
2026-05-03T22:29:44.233+09:00  INFO 31224 --- [core-api] [   scheduling-1] c.a.c.q.a.o.r.RedisJobDispatchAdapter    : Dispatched job 59dc98d7-109d-4161-8740-03e48f406043 onto aipipeline:jobs:pending
2026-05-03T22:29:44.251+09:00  INFO 31224 --- [core-api] [   scheduling-1] c.a.c.j.a.service.JobDispatchReconciler  : Dispatch reconciliation scanned 2 candidate(s), redispatched 2
2026-05-03T22:29:54.266+09:00  INFO 31224 --- [core-api] [   scheduling-1] c.a.c.q.a.o.r.RedisJobDispatchAdapter    : Dispatched job cd79f337-4d95-419d-90cc-10584f376f7c onto aipipeline:jobs:pending
2026-05-03T22:29:54.310+09:00  INFO 31224 --- [core-api] [   scheduling-1] c.a.c.q.a.o.r.RedisJobDispatchAdapter    : Dispatched job 59dc98d7-109d-4161-8740-03e48f406043 onto aipipeline:jobs:pending
2026-05-03T22:29:54.332+09:00  INFO 31224 --- [core-api] [   scheduling-1] c.a.c.j.a.service.JobDispatchReconciler  : Dispatch reconciliation scanned 2 candidate(s), redispatched 2
2026-05-03T22:30:04.338+09:00  INFO 31224 --- [core-api] [   scheduling-1] c.a.c.q.a.o.r.RedisJobDispatchAdapter    : Dispatched job cd79f337-4d95-419d-90cc-10584f376f7c onto aipipeline:jobs:pending
2026-05-03T22:30:04.340+09:00  INFO 31224 --- [core-api] [   scheduling-1] c.a.c.q.a.o.r.RedisJobDispatchAdapter    : Dispatched job 59dc98d7-109d-4161-8740-03e48f406043 onto aipipeline:jobs:pending
2026-05-03T22:30:04.443+09:00  INFO 31224 --- [core-api] [   scheduling-1] c.a.c.j.a.service.JobDispatchReconciler  : Dispatch reconciliation scanned 2 candidate(s), redispatched 2
2026-05-03T22:30:14.653+09:00  INFO 31224 --- [core-api] [   scheduling-1] c.a.c.q.a.o.r.RedisJobDispatchAdapter    : Dispatched job cd79f337-4d95-419d-90cc-10584f376f7c onto aipipeline:jobs:pending
2026-05-03T22:30:14.656+09:00  INFO 31224 --- [core-api] [   scheduling-1] c.a.c.q.a.o.r.RedisJobDispatchAdapter    : Dispatched job 59dc98d7-109d-4161-8740-03e48f406043 onto aipipeline:jobs:pending
2026-05-03T22:30:14.695+09:00  INFO 31224 --- [core-api] [   scheduling-1] c.a.c.j.a.service.JobDispatchReconciler  : Dispatch reconciliation scanned 2 candidate(s), redispatched 2
2026-05-03T22:30:19.054+09:00  INFO 31224 --- [core-api] [nio-8080-exec-1] c.a.c.j.a.service.JobExecutionService    : Callback applied jobId=0a8a5479-db6d-4304-a2b4-42fd5d222715 outcome=SUCCEEDED status=SUCCEEDED
2026-05-03T22:30:19.407+09:00  INFO 31224 --- [core-api] [nio-8080-exec-3] c.a.c.j.a.service.JobExecutionService    : Claim granted jobId=cd79f337-4d95-419d-90cc-10584f376f7c workerToken=worker-local-1
2026-05-03T22:30:24.761+09:00  INFO 31224 --- [core-api] [   scheduling-1] c.a.c.q.a.o.r.RedisJobDispatchAdapter    : Dispatched job 59dc98d7-109d-4161-8740-03e48f406043 onto aipipeline:jobs:pending
2026-05-03T22:30:24.796+09:00  INFO 31224 --- [core-api] [   scheduling-1] c.a.c.j.a.service.JobDispatchReconciler  : Dispatch reconciliation scanned 1 candidate(s), redispatched 1
2026-05-03T22:30:34.857+09:00  INFO 31224 --- [core-api] [   scheduling-1] c.a.c.q.a.o.r.RedisJobDispatchAdapter    : Dispatched job 59dc98d7-109d-4161-8740-03e48f406043 onto aipipeline:jobs:pending
2026-05-03T22:30:34.899+09:00  INFO 31224 --- [core-api] [   scheduling-1] c.a.c.j.a.service.JobDispatchReconciler  : Dispatch reconciliation scanned 1 candidate(s), redispatched 1
2026-05-03T22:30:44.969+09:00  INFO 31224 --- [core-api] [   scheduling-1] c.a.c.q.a.o.r.RedisJobDispatchAdapter    : Dispatched job 59dc98d7-109d-4161-8740-03e48f406043 onto aipipeline:jobs:pending
2026-05-03T22:30:44.970+09:00  INFO 31224 --- [core-api] [   scheduling-1] c.a.c.j.a.service.JobDispatchReconciler  : Dispatch reconciliation scanned 1 candidate(s), redispatched 1
2026-05-03T22:30:55.075+09:00  INFO 31224 --- [core-api] [   scheduling-1] c.a.c.q.a.o.r.RedisJobDispatchAdapter    : Dispatched job 59dc98d7-109d-4161-8740-03e48f406043 onto aipipeline:jobs:pending
2026-05-03T22:30:55.129+09:00  INFO 31224 --- [core-api] [   scheduling-1] c.a.c.j.a.service.JobDispatchReconciler  : Dispatch reconciliation scanned 1 candidate(s), redispatched 1
2026-05-03T22:31:05.179+09:00  INFO 31224 --- [core-api] [   scheduling-1] c.a.c.q.a.o.r.RedisJobDispatchAdapter    : Dispatched job 59dc98d7-109d-4161-8740-03e48f406043 onto aipipeline:jobs:pending
2026-05-03T22:31:05.218+09:00  INFO 31224 --- [core-api] [   scheduling-1] c.a.c.j.a.service.JobDispatchReconciler  : Dispatch reconciliation scanned 1 candidate(s), redispatched 1
2026-05-03T22:31:15.234+09:00  INFO 31224 --- [core-api] [   scheduling-1] c.a.c.q.a.o.r.RedisJobDispatchAdapter    : Dispatched job 59dc98d7-109d-4161-8740-03e48f406043 onto aipipeline:jobs:pending
2026-05-03T22:31:15.258+09:00  INFO 31224 --- [core-api] [   scheduling-1] c.a.c.j.a.service.JobDispatchReconciler  : Dispatch reconciliation scanned 1 candidate(s), redispatched 1
2026-05-03T22:31:25.299+09:00  INFO 31224 --- [core-api] [   scheduling-1] c.a.c.q.a.o.r.RedisJobDispatchAdapter    : Dispatched job 59dc98d7-109d-4161-8740-03e48f406043 onto aipipeline:jobs:pending
2026-05-03T22:31:25.300+09:00  INFO 31224 --- [core-api] [   scheduling-1] c.a.c.j.a.service.JobDispatchReconciler  : Dispatch reconciliation scanned 1 candidate(s), redispatched 1
2026-05-03T22:31:35.324+09:00  INFO 31224 --- [core-api] [   scheduling-1] c.a.c.q.a.o.r.RedisJobDispatchAdapter    : Dispatched job 59dc98d7-109d-4161-8740-03e48f406043 onto aipipeline:jobs:pending
2026-05-03T22:31:35.363+09:00  INFO 31224 --- [core-api] [   scheduling-1] c.a.c.j.a.service.JobDispatchReconciler  : Dispatch reconciliation scanned 1 candidate(s), redispatched 1
2026-05-03T22:31:45.406+09:00  INFO 31224 --- [core-api] [   scheduling-1] c.a.c.q.a.o.r.RedisJobDispatchAdapter    : Dispatched job 59dc98d7-109d-4161-8740-03e48f406043 onto aipipeline:jobs:pending
2026-05-03T22:31:45.582+09:00  INFO 31224 --- [core-api] [   scheduling-1] c.a.c.j.a.service.JobDispatchReconciler  : Dispatch reconciliation scanned 1 candidate(s), redispatched 1
2026-05-03T22:31:55.659+09:00  INFO 31224 --- [core-api] [   scheduling-1] c.a.c.q.a.o.r.RedisJobDispatchAdapter    : Dispatched job 59dc98d7-109d-4161-8740-03e48f406043 onto aipipeline:jobs:pending
2026-05-03T22:31:55.659+09:00  INFO 31224 --- [core-api] [   scheduling-1] c.a.c.j.a.service.JobDispatchReconciler  : Dispatch reconciliation scanned 1 candidate(s), redispatched 1
2026-05-03T22:32:05.766+09:00  INFO 31224 --- [core-api] [   scheduling-1] c.a.c.q.a.o.r.RedisJobDispatchAdapter    : Dispatched job 59dc98d7-109d-4161-8740-03e48f406043 onto aipipeline:jobs:pending
2026-05-03T22:32:05.807+09:00  INFO 31224 --- [core-api] [   scheduling-1] c.a.c.j.a.service.JobDispatchReconciler  : Dispatch reconciliation scanned 1 candidate(s), redispatched 1
2026-05-03T22:32:15.829+09:00  INFO 31224 --- [core-api] [   scheduling-1] c.a.c.q.a.o.r.RedisJobDispatchAdapter    : Dispatched job 59dc98d7-109d-4161-8740-03e48f406043 onto aipipeline:jobs:pending
2026-05-03T22:32:15.830+09:00  INFO 31224 --- [core-api] [   scheduling-1] c.a.c.j.a.service.JobDispatchReconciler  : Dispatch reconciliation scanned 1 candidate(s), redispatched 1
2026-05-03T22:32:21.382+09:00  INFO 31224 --- [core-api] [nio-8080-exec-7] c.a.c.q.a.o.r.RedisJobDispatchAdapter    : Dispatched job 1e3f3820-aeda-4c86-bdc6-298bbb430f8d onto aipipeline:jobs:pending
2026-05-03T22:32:25.928+09:00  INFO 31224 --- [core-api] [   scheduling-1] c.a.c.q.a.o.r.RedisJobDispatchAdapter    : Dispatched job 59dc98d7-109d-4161-8740-03e48f406043 onto aipipeline:jobs:pending
2026-05-03T22:32:25.968+09:00  INFO 31224 --- [core-api] [   scheduling-1] c.a.c.q.a.o.r.RedisJobDispatchAdapter    : Dispatched job 1e3f3820-aeda-4c86-bdc6-298bbb430f8d onto aipipeline:jobs:pending
2026-05-03T22:32:25.999+09:00  INFO 31224 --- [core-api] [   scheduling-1] c.a.c.j.a.service.JobDispatchReconciler  : Dispatch reconciliation scanned 2 candidate(s), redispatched 2
2026-05-03T22:32:36.036+09:00  INFO 31224 --- [core-api] [   scheduling-1] c.a.c.q.a.o.r.RedisJobDispatchAdapter    : Dispatched job 59dc98d7-109d-4161-8740-03e48f406043 onto aipipeline:jobs:pending
2026-05-03T22:32:36.078+09:00  INFO 31224 --- [core-api] [   scheduling-1] c.a.c.q.a.o.r.RedisJobDispatchAdapter    : Dispatched job 1e3f3820-aeda-4c86-bdc6-298bbb430f8d onto aipipeline:jobs:pending
2026-05-03T22:32:36.101+09:00  INFO 31224 --- [core-api] [   scheduling-1] c.a.c.j.a.service.JobDispatchReconciler  : Dispatch reconciliation scanned 2 candidate(s), redispatched 2
2026-05-03T22:32:46.111+09:00  INFO 31224 --- [core-api] [   scheduling-1] c.a.c.q.a.o.r.RedisJobDispatchAdapter    : Dispatched job 59dc98d7-109d-4161-8740-03e48f406043 onto aipipeline:jobs:pending
2026-05-03T22:32:46.195+09:00  INFO 31224 --- [core-api] [   scheduling-1] c.a.c.q.a.o.r.RedisJobDispatchAdapter    : Dispatched job 1e3f3820-aeda-4c86-bdc6-298bbb430f8d onto aipipeline:jobs:pending
2026-05-03T22:32:46.213+09:00  INFO 31224 --- [core-api] [   scheduling-1] c.a.c.j.a.service.JobDispatchReconciler  : Dispatch reconciliation scanned 2 candidate(s), redispatched 2
2026-05-03T22:32:56.225+09:00  INFO 31224 --- [core-api] [   scheduling-1] c.a.c.q.a.o.r.RedisJobDispatchAdapter    : Dispatched job 59dc98d7-109d-4161-8740-03e48f406043 onto aipipeline:jobs:pending
2026-05-03T22:32:56.268+09:00  INFO 31224 --- [core-api] [   scheduling-1] c.a.c.q.a.o.r.RedisJobDispatchAdapter    : Dispatched job 1e3f3820-aeda-4c86-bdc6-298bbb430f8d onto aipipeline:jobs:pending
2026-05-03T22:32:56.315+09:00  INFO 31224 --- [core-api] [   scheduling-1] c.a.c.j.a.service.JobDispatchReconciler  : Dispatch reconciliation scanned 2 candidate(s), redispatched 2
2026-05-03T22:33:06.352+09:00  INFO 31224 --- [core-api] [   scheduling-1] c.a.c.q.a.o.r.RedisJobDispatchAdapter    : Dispatched job 59dc98d7-109d-4161-8740-03e48f406043 onto aipipeline:jobs:pending
2026-05-03T22:33:06.354+09:00  INFO 31224 --- [core-api] [   scheduling-1] c.a.c.q.a.o.r.RedisJobDispatchAdapter    : Dispatched job 1e3f3820-aeda-4c86-bdc6-298bbb430f8d onto aipipeline:jobs:pending
2026-05-03T22:33:06.527+09:00  INFO 31224 --- [core-api] [   scheduling-1] c.a.c.j.a.service.JobDispatchReconciler  : Dispatch reconciliation scanned 2 candidate(s), redispatched 2
2026-05-03T22:33:16.551+09:00  INFO 31224 --- [core-api] [   scheduling-1] c.a.c.q.a.o.r.RedisJobDispatchAdapter    : Dispatched job 59dc98d7-109d-4161-8740-03e48f406043 onto aipipeline:jobs:pending
2026-05-03T22:33:16.587+09:00  INFO 31224 --- [core-api] [   scheduling-1] c.a.c.q.a.o.r.RedisJobDispatchAdapter    : Dispatched job 1e3f3820-aeda-4c86-bdc6-298bbb430f8d onto aipipeline:jobs:pending
2026-05-03T22:33:16.612+09:00  INFO 31224 --- [core-api] [   scheduling-1] c.a.c.j.a.service.JobDispatchReconciler  : Dispatch reconciliation scanned 2 candidate(s), redispatched 2
2026-05-03T22:33:26.672+09:00  INFO 31224 --- [core-api] [   scheduling-1] c.a.c.q.a.o.r.RedisJobDispatchAdapter    : Dispatched job 59dc98d7-109d-4161-8740-03e48f406043 onto aipipeline:jobs:pending
2026-05-03T22:33:26.728+09:00  INFO 31224 --- [core-api] [   scheduling-1] c.a.c.q.a.o.r.RedisJobDispatchAdapter    : Dispatched job 1e3f3820-aeda-4c86-bdc6-298bbb430f8d onto aipipeline:jobs:pending
2026-05-03T22:33:26.743+09:00  INFO 31224 --- [core-api] [   scheduling-1] c.a.c.j.a.service.JobDispatchReconciler  : Dispatch reconciliation scanned 2 candidate(s), redispatched 2
2026-05-03T22:33:35.266+09:00 ERROR 31224 --- [core-api] [nio-8080-exec-8] c.a.c.common.web.GlobalExceptionHandler  : Unhandled exception

org.springframework.http.converter.HttpMessageNotWritableException: Could not write JSON: ServletOutputStream failed to write: java.io.IOException: 현재 연결은 사용자의 호스트 시스템의 소프트웨어의 의해 중단되었습니다
	at org.springframework.http.converter.AbstractJacksonHttpMessageConverter.writeInternal(AbstractJacksonHttpMessageConverter.java:444) ~[spring-web-7.0.5.jar:7.0.5]
	at org.springframework.http.converter.AbstractSmartHttpMessageConverter.write(AbstractSmartHttpMessageConverter.java:116) ~[spring-web-7.0.5.jar:7.0.5]
	at org.springframework.web.servlet.mvc.method.annotation.AbstractMessageConverterMethodProcessor.writeWithMessageConverters(AbstractMessageConverterMethodProcessor.java:343) ~[spring-webmvc-7.0.5.jar:7.0.5]
	at org.springframework.web.servlet.mvc.method.annotation.HttpEntityMethodProcessor.handleReturnValue(HttpEntityMethodProcessor.java:261) ~[spring-webmvc-7.0.5.jar:7.0.5]
	at org.springframework.web.servlet.mvc.method.annotation.ResponseEntityReturnValueHandler.handleReturnValue(ResponseEntityReturnValueHandler.java:80) ~[spring-webmvc-7.0.5.jar:7.0.5]
	at org.springframework.web.method.support.HandlerMethodReturnValueHandlerComposite.handleReturnValue(HandlerMethodReturnValueHandlerComposite.java:78) ~[spring-web-7.0.5.jar:7.0.5]
	at org.springframework.web.servlet.mvc.method.annotation.ServletInvocableHandlerMethod.invokeAndHandle(ServletInvocableHandlerMethod.java:135) ~[spring-webmvc-7.0.5.jar:7.0.5]
	at org.springframework.web.servlet.mvc.method.annotation.RequestMappingHandlerAdapter.invokeHandlerMethod(RequestMappingHandlerAdapter.java:934) ~[spring-webmvc-7.0.5.jar:7.0.5]
	at org.springframework.web.servlet.mvc.method.annotation.RequestMappingHandlerAdapter.handleInternal(RequestMappingHandlerAdapter.java:853) ~[spring-webmvc-7.0.5.jar:7.0.5]
	at org.springframework.web.servlet.mvc.method.AbstractHandlerMethodAdapter.handle(AbstractHandlerMethodAdapter.java:86) ~[spring-webmvc-7.0.5.jar:7.0.5]
	at org.springframework.web.servlet.DispatcherServlet.doDispatch(DispatcherServlet.java:963) ~[spring-webmvc-7.0.5.jar:7.0.5]
	at org.springframework.web.servlet.DispatcherServlet.doService(DispatcherServlet.java:866) ~[spring-webmvc-7.0.5.jar:7.0.5]
	at org.springframework.web.servlet.FrameworkServlet.processRequest(FrameworkServlet.java:1000) ~[spring-webmvc-7.0.5.jar:7.0.5]
	at org.springframework.web.servlet.FrameworkServlet.doGet(FrameworkServlet.java:892) ~[spring-webmvc-7.0.5.jar:7.0.5]
	at jakarta.servlet.http.HttpServlet.service(HttpServlet.java:622) ~[tomcat-embed-core-11.0.18.jar:6.1]
	at org.springframework.web.servlet.FrameworkServlet.service(FrameworkServlet.java:874) ~[spring-webmvc-7.0.5.jar:7.0.5]
	at jakarta.servlet.http.HttpServlet.service(HttpServlet.java:710) ~[tomcat-embed-core-11.0.18.jar:6.1]
	at org.apache.catalina.core.ApplicationFilterChain.doFilter(ApplicationFilterChain.java:128) ~[tomcat-embed-core-11.0.18.jar:11.0.18]
	at org.apache.tomcat.websocket.server.WsFilter.doFilter(WsFilter.java:53) ~[tomcat-embed-websocket-11.0.18.jar:11.0.18]
	at org.apache.catalina.core.ApplicationFilterChain.doFilter(ApplicationFilterChain.java:107) ~[tomcat-embed-core-11.0.18.jar:11.0.18]
	at org.springframework.web.filter.RequestContextFilter.doFilterInternal(RequestContextFilter.java:100) ~[spring-web-7.0.5.jar:7.0.5]
	at org.springframework.web.filter.OncePerRequestFilter.doFilter(OncePerRequestFilter.java:116) ~[spring-web-7.0.5.jar:7.0.5]
	at org.apache.catalina.core.ApplicationFilterChain.doFilter(ApplicationFilterChain.java:107) ~[tomcat-embed-core-11.0.18.jar:11.0.18]
	at org.springframework.web.filter.FormContentFilter.doFilterInternal(FormContentFilter.java:93) ~[spring-web-7.0.5.jar:7.0.5]
	at org.springframework.web.filter.OncePerRequestFilter.doFilter(OncePerRequestFilter.java:116) ~[spring-web-7.0.5.jar:7.0.5]
	at org.apache.catalina.core.ApplicationFilterChain.doFilter(ApplicationFilterChain.java:107) ~[tomcat-embed-core-11.0.18.jar:11.0.18]
	at org.springframework.web.filter.ServerHttpObservationFilter.doFilterInternal(ServerHttpObservationFilter.java:110) ~[spring-web-7.0.5.jar:7.0.5]
	at org.springframework.web.filter.OncePerRequestFilter.doFilter(OncePerRequestFilter.java:116) ~[spring-web-7.0.5.jar:7.0.5]
	at org.apache.catalina.core.ApplicationFilterChain.doFilter(ApplicationFilterChain.java:107) ~[tomcat-embed-core-11.0.18.jar:11.0.18]
	at org.springframework.web.filter.CharacterEncodingFilter.doFilterInternal(CharacterEncodingFilter.java:199) ~[spring-web-7.0.5.jar:7.0.5]
	at org.springframework.web.filter.OncePerRequestFilter.doFilter(OncePerRequestFilter.java:116) ~[spring-web-7.0.5.jar:7.0.5]
	at org.apache.catalina.core.ApplicationFilterChain.doFilter(ApplicationFilterChain.java:107) ~[tomcat-embed-core-11.0.18.jar:11.0.18]
	at org.apache.catalina.core.StandardWrapperValve.invoke(StandardWrapperValve.java:165) ~[tomcat-embed-core-11.0.18.jar:11.0.18]
	at org.apache.catalina.core.StandardContextValve.invoke(StandardContextValve.java:77) ~[tomcat-embed-core-11.0.18.jar:11.0.18]
	at org.apache.catalina.authenticator.AuthenticatorBase.invoke(AuthenticatorBase.java:492) ~[tomcat-embed-core-11.0.18.jar:11.0.18]
	at org.apache.catalina.core.StandardHostValve.invoke(StandardHostValve.java:113) ~[tomcat-embed-core-11.0.18.jar:11.0.18]
	at org.apache.catalina.valves.ErrorReportValve.invoke(ErrorReportValve.java:83) ~[tomcat-embed-core-11.0.18.jar:11.0.18]
	at org.apache.catalina.core.StandardEngineValve.invoke(StandardEngineValve.java:72) ~[tomcat-embed-core-11.0.18.jar:11.0.18]
	at org.apache.catalina.connector.CoyoteAdapter.service(CoyoteAdapter.java:341) ~[tomcat-embed-core-11.0.18.jar:11.0.18]
	at org.apache.coyote.http11.Http11Processor.service(Http11Processor.java:397) ~[tomcat-embed-core-11.0.18.jar:11.0.18]
	at org.apache.coyote.AbstractProcessorLight.process(AbstractProcessorLight.java:63) ~[tomcat-embed-core-11.0.18.jar:11.0.18]
	at org.apache.coyote.AbstractProtocol$ConnectionHandler.process(AbstractProtocol.java:903) ~[tomcat-embed-core-11.0.18.jar:11.0.18]
	at org.apache.tomcat.util.net.NioEndpoint$SocketProcessor.doRun(NioEndpoint.java:1779) ~[tomcat-embed-core-11.0.18.jar:11.0.18]
	at org.apache.tomcat.util.net.SocketProcessorBase.run(SocketProcessorBase.java:52) ~[tomcat-embed-core-11.0.18.jar:11.0.18]
	at org.apache.tomcat.util.threads.ThreadPoolExecutor.runWorker(ThreadPoolExecutor.java:946) ~[tomcat-embed-core-11.0.18.jar:11.0.18]
	at org.apache.tomcat.util.threads.ThreadPoolExecutor$Worker.run(ThreadPoolExecutor.java:480) ~[tomcat-embed-core-11.0.18.jar:11.0.18]
	at org.apache.tomcat.util.threads.TaskThread$WrappingRunnable.run(TaskThread.java:57) ~[tomcat-embed-core-11.0.18.jar:11.0.18]
	at java.base/java.lang.Thread.run(Thread.java:1583) ~[na:na]
Caused by: tools.jackson.databind.DatabindException: ServletOutputStream failed to write: java.io.IOException: 현재 연결은 사용자의 호스트 시스템의 소프트웨어의 의해 중단되었습니다
 at [No location information] (through reference chain: com.aipipeline.coreapi.catalog.adapter.in.web.DocumentCatalogController$LibrarySearchResponse["results"]->java.util.ImmutableCollections$ListN[5]->com.aipipeline.coreapi.catalog.adapter.in.web.DocumentCatalogController$LibrarySearchResult["searchUnit"]->com.aipipeline.coreapi.catalog.adapter.in.web.DocumentCatalogController$SearchUnitResponse["text"])
	at tools.jackson.databind.DatabindException.wrapWithPath(DatabindException.java:132) ~[jackson-databind-3.0.4.jar:3.0.4]
	at tools.jackson.databind.ser.std.StdSerializer.wrapAndThrow(StdSerializer.java:275) ~[jackson-databind-3.0.4.jar:3.0.4]
	at tools.jackson.databind.ser.bean.BeanSerializerBase._serializePropertiesNoView(BeanSerializerBase.java:771) ~[jackson-databind-3.0.4.jar:3.0.4]
	at tools.jackson.databind.ser.BeanSerializer.serialize(BeanSerializer.java:171) ~[jackson-databind-3.0.4.jar:3.0.4]
	at tools.jackson.databind.ser.BeanPropertyWriter.serializeAsProperty(BeanPropertyWriter.java:608) ~[jackson-databind-3.0.4.jar:3.0.4]
	at tools.jackson.databind.ser.UnrolledBeanSerializer.serializeNonFiltered(UnrolledBeanSerializer.java:209) ~[jackson-databind-3.0.4.jar:3.0.4]
	at tools.jackson.databind.ser.UnrolledBeanSerializer.serialize(UnrolledBeanSerializer.java:179) ~[jackson-databind-3.0.4.jar:3.0.4]
	at tools.jackson.databind.ser.jdk.IndexedListSerializer.serializeContentsUsing(IndexedListSerializer.java:141) ~[jackson-databind-3.0.4.jar:3.0.4]
	at tools.jackson.databind.ser.jdk.IndexedListSerializer.serializeContents(IndexedListSerializer.java:89) ~[jackson-databind-3.0.4.jar:3.0.4]
	at tools.jackson.databind.ser.jdk.IndexedListSerializer.serialize(IndexedListSerializer.java:79) ~[jackson-databind-3.0.4.jar:3.0.4]
	at tools.jackson.databind.ser.BeanPropertyWriter.serializeAsProperty(BeanPropertyWriter.java:608) ~[jackson-databind-3.0.4.jar:3.0.4]
	at tools.jackson.databind.ser.UnrolledBeanSerializer.serializeNonFiltered(UnrolledBeanSerializer.java:209) ~[jackson-databind-3.0.4.jar:3.0.4]
	at tools.jackson.databind.ser.UnrolledBeanSerializer.serialize(UnrolledBeanSerializer.java:179) ~[jackson-databind-3.0.4.jar:3.0.4]
	at tools.jackson.databind.ser.SerializationContextExt._serialize(SerializationContextExt.java:456) ~[jackson-databind-3.0.4.jar:3.0.4]
	at tools.jackson.databind.ser.SerializationContextExt.serializeValue(SerializationContextExt.java:308) ~[jackson-databind-3.0.4.jar:3.0.4]
	at tools.jackson.databind.ObjectWriter$Prefetch.serialize(ObjectWriter.java:1365) ~[jackson-databind-3.0.4.jar:3.0.4]
	at tools.jackson.databind.ObjectWriter.writeValue(ObjectWriter.java:973) ~[jackson-databind-3.0.4.jar:3.0.4]
	at org.springframework.http.converter.AbstractJacksonHttpMessageConverter.writeInternal(AbstractJacksonHttpMessageConverter.java:436) ~[spring-web-7.0.5.jar:7.0.5]
	... 47 common frames omitted
	Suppressed: tools.jackson.core.exc.JacksonIOException: Response not usable after response errors.
 at [No location information]
		at tools.jackson.core.exc.JacksonIOException.construct(JacksonIOException.java:39) ~[jackson-core-3.0.4.jar:3.0.4]
		at tools.jackson.core.JsonGenerator._wrapIOFailure(JsonGenerator.java:2476) ~[jackson-core-3.0.4.jar:3.0.4]
		at tools.jackson.core.json.UTF8JsonGenerator._flushBuffer(UTF8JsonGenerator.java:2343) ~[jackson-core-3.0.4.jar:3.0.4]
		at tools.jackson.core.json.UTF8JsonGenerator._closeInput(UTF8JsonGenerator.java:1265) ~[jackson-core-3.0.4.jar:3.0.4]
		at tools.jackson.core.base.GeneratorBase.close(GeneratorBase.java:334) ~[jackson-core-3.0.4.jar:3.0.4]
		at org.springframework.http.converter.AbstractJacksonHttpMessageConverter.writeInternal(AbstractJacksonHttpMessageConverter.java:434) ~[spring-web-7.0.5.jar:7.0.5]
		... 47 common frames omitted
	Caused by: org.springframework.web.context.request.async.AsyncRequestNotUsableException: Response not usable after response errors.
		at org.springframework.web.context.request.async.StandardServletAsyncWebRequest$LifecycleHttpServletResponse.obtainLockOrRaiseException(StandardServletAsyncWebRequest.java:332)
		at org.springframework.web.context.request.async.StandardServletAsyncWebRequest$LifecycleServletOutputStream.write(StandardServletAsyncWebRequest.java:394)
		at org.springframework.util.StreamUtils$NonClosingOutputStream.write(StreamUtils.java:284)
		at tools.jackson.core.json.UTF8JsonGenerator._flushBuffer(UTF8JsonGenerator.java:2341)
		... 50 common frames omitted
Caused by: org.springframework.web.context.request.async.AsyncRequestNotUsableException: ServletOutputStream failed to write: java.io.IOException: 현재 연결은 사용자의 호스트 시스템의 소프트웨어의 의해 중단되었습니다
	at org.springframework.web.context.request.async.StandardServletAsyncWebRequest$LifecycleHttpServletResponse.handleIOException(StandardServletAsyncWebRequest.java:340) ~[spring-web-7.0.5.jar:7.0.5]
	at org.springframework.web.context.request.async.StandardServletAsyncWebRequest$LifecycleServletOutputStream.write(StandardServletAsyncWebRequest.java:399) ~[spring-web-7.0.5.jar:7.0.5]
	at org.springframework.util.StreamUtils$NonClosingOutputStream.write(StreamUtils.java:284) ~[spring-core-7.0.5.jar:7.0.5]
	at tools.jackson.core.json.UTF8JsonGenerator._flushBuffer(UTF8JsonGenerator.java:2341) ~[jackson-core-3.0.4.jar:3.0.4]
	at tools.jackson.core.json.UTF8JsonGenerator._writeStringSegment2(UTF8JsonGenerator.java:1586) ~[jackson-core-3.0.4.jar:3.0.4]
	at tools.jackson.core.json.UTF8JsonGenerator._writeStringSegment(UTF8JsonGenerator.java:1520) ~[jackson-core-3.0.4.jar:3.0.4]
	at tools.jackson.core.json.UTF8JsonGenerator._writeStringSegments(UTF8JsonGenerator.java:1393) ~[jackson-core-3.0.4.jar:3.0.4]
	at tools.jackson.core.json.UTF8JsonGenerator.writeString(UTF8JsonGenerator.java:531) ~[jackson-core-3.0.4.jar:3.0.4]
	at tools.jackson.databind.ser.jdk.StringSerializer.serialize(StringSerializer.java:35) ~[jackson-databind-3.0.4.jar:3.0.4]
	at tools.jackson.databind.ser.BeanPropertyWriter.serializeAsProperty(BeanPropertyWriter.java:608) ~[jackson-databind-3.0.4.jar:3.0.4]
	at tools.jackson.databind.ser.bean.BeanSerializerBase._serializePropertiesNoView(BeanSerializerBase.java:747) ~[jackson-databind-3.0.4.jar:3.0.4]
	... 62 common frames omitted
Caused by: org.apache.catalina.connector.ClientAbortException: java.io.IOException: 현재 연결은 사용자의 호스트 시스템의 소프트웨어의 의해 중단되었습니다
	at org.apache.catalina.connector.OutputBuffer.realWriteBytes(OutputBuffer.java:328) ~[tomcat-embed-core-11.0.18.jar:11.0.18]
	at org.apache.catalina.connector.OutputBuffer.flushByteBuffer(OutputBuffer.java:764) ~[tomcat-embed-core-11.0.18.jar:11.0.18]
	at org.apache.catalina.connector.OutputBuffer.append(OutputBuffer.java:661) ~[tomcat-embed-core-11.0.18.jar:11.0.18]
	at org.apache.catalina.connector.OutputBuffer.writeBytes(OutputBuffer.java:363) ~[tomcat-embed-core-11.0.18.jar:11.0.18]
	at org.apache.catalina.connector.OutputBuffer.write(OutputBuffer.java:341) ~[tomcat-embed-core-11.0.18.jar:11.0.18]
	at org.apache.catalina.connector.CoyoteOutputStream.write(CoyoteOutputStream.java:99) ~[tomcat-embed-core-11.0.18.jar:11.0.18]
	at org.springframework.web.context.request.async.StandardServletAsyncWebRequest$LifecycleServletOutputStream.write(StandardServletAsyncWebRequest.java:396) ~[spring-web-7.0.5.jar:7.0.5]
	... 71 common frames omitted
Caused by: java.io.IOException: 현재 연결은 사용자의 호스트 시스템의 소프트웨어의 의해 중단되었습니다
	at java.base/sun.nio.ch.SocketDispatcher.write0(Native Method) ~[na:na]
	at java.base/sun.nio.ch.SocketDispatcher.write(SocketDispatcher.java:54) ~[na:na]
	at java.base/sun.nio.ch.IOUtil.writeFromNativeBuffer(IOUtil.java:137) ~[na:na]
	at java.base/sun.nio.ch.IOUtil.write(IOUtil.java:102) ~[na:na]
	at java.base/sun.nio.ch.IOUtil.write(IOUtil.java:58) ~[na:na]
	at java.base/sun.nio.ch.SocketChannelImpl.write(SocketChannelImpl.java:542) ~[na:na]
	at org.apache.tomcat.util.net.NioChannel.write(NioChannel.java:129) ~[tomcat-embed-core-11.0.18.jar:11.0.18]
	at org.apache.tomcat.util.net.NioEndpoint$NioSocketWrapper.doWrite(NioEndpoint.java:1419) ~[tomcat-embed-core-11.0.18.jar:11.0.18]
	at org.apache.tomcat.util.net.SocketWrapperBase.doWrite(SocketWrapperBase.java:747) ~[tomcat-embed-core-11.0.18.jar:11.0.18]
	at org.apache.tomcat.util.net.SocketWrapperBase.writeBlocking(SocketWrapperBase.java:587) ~[tomcat-embed-core-11.0.18.jar:11.0.18]
	at org.apache.tomcat.util.net.SocketWrapperBase.write(SocketWrapperBase.java:535) ~[tomcat-embed-core-11.0.18.jar:11.0.18]
	at org.apache.coyote.http11.Http11OutputBuffer$SocketOutputBuffer.doWrite(Http11OutputBuffer.java:537) ~[tomcat-embed-core-11.0.18.jar:11.0.18]
	at org.apache.coyote.http11.filters.ChunkedOutputFilter.doWrite(ChunkedOutputFilter.java:109) ~[tomcat-embed-core-11.0.18.jar:11.0.18]
	at org.apache.coyote.http11.Http11OutputBuffer.doWrite(Http11OutputBuffer.java:193) ~[tomcat-embed-core-11.0.18.jar:11.0.18]
	at org.apache.coyote.Response.doWrite(Response.java:633) ~[tomcat-embed-core-11.0.18.jar:11.0.18]
	at org.apache.catalina.connector.OutputBuffer.realWriteBytes(OutputBuffer.java:316) ~[tomcat-embed-core-11.0.18.jar:11.0.18]
	... 77 common frames omitted

2026-05-03T22:33:36.759+09:00  INFO 31224 --- [core-api] [   scheduling-1] c.a.c.q.a.o.r.RedisJobDispatchAdapter    : Dispatched job 59dc98d7-109d-4161-8740-03e48f406043 onto aipipeline:jobs:pending
2026-05-03T22:33:36.799+09:00  INFO 31224 --- [core-api] [   scheduling-1] c.a.c.q.a.o.r.RedisJobDispatchAdapter    : Dispatched job 1e3f3820-aeda-4c86-bdc6-298bbb430f8d onto aipipeline:jobs:pending
2026-05-03T22:33:36.823+09:00  INFO 31224 --- [core-api] [   scheduling-1] c.a.c.j.a.service.JobDispatchReconciler  : Dispatch reconciliation scanned 2 candidate(s), redispatched 2
2026-05-03T22:33:46.857+09:00  INFO 31224 --- [core-api] [   scheduling-1] c.a.c.q.a.o.r.RedisJobDispatchAdapter    : Dispatched job 59dc98d7-109d-4161-8740-03e48f406043 onto aipipeline:jobs:pending
2026-05-03T22:33:46.892+09:00  INFO 31224 --- [core-api] [   scheduling-1] c.a.c.q.a.o.r.RedisJobDispatchAdapter    : Dispatched job 1e3f3820-aeda-4c86-bdc6-298bbb430f8d onto aipipeline:jobs:pending
2026-05-03T22:33:46.910+09:00  INFO 31224 --- [core-api] [   scheduling-1] c.a.c.j.a.service.JobDispatchReconciler  : Dispatch reconciliation scanned 2 candidate(s), redispatched 2
2026-05-03T22:33:56.934+09:00  INFO 31224 --- [core-api] [   scheduling-1] c.a.c.q.a.o.r.RedisJobDispatchAdapter    : Dispatched job 59dc98d7-109d-4161-8740-03e48f406043 onto aipipeline:jobs:pending
2026-05-03T22:33:56.964+09:00  INFO 31224 --- [core-api] [   scheduling-1] c.a.c.q.a.o.r.RedisJobDispatchAdapter    : Dispatched job 1e3f3820-aeda-4c86-bdc6-298bbb430f8d onto aipipeline:jobs:pending
2026-05-03T22:33:57.004+09:00  INFO 31224 --- [core-api] [   scheduling-1] c.a.c.j.a.service.JobDispatchReconciler  : Dispatch reconciliation scanned 2 candidate(s), redispatched 2
2026-05-03T22:34:07.277+09:00  INFO 31224 --- [core-api] [   scheduling-1] c.a.c.q.a.o.r.RedisJobDispatchAdapter    : Dispatched job 59dc98d7-109d-4161-8740-03e48f406043 onto aipipeline:jobs:pending
2026-05-03T22:34:07.304+09:00  INFO 31224 --- [core-api] [   scheduling-1] c.a.c.q.a.o.r.RedisJobDispatchAdapter    : Dispatched job 1e3f3820-aeda-4c86-bdc6-298bbb430f8d onto aipipeline:jobs:pending
2026-05-03T22:34:07.339+09:00  INFO 31224 --- [core-api] [   scheduling-1] c.a.c.j.a.service.JobDispatchReconciler  : Dispatch reconciliation scanned 2 candidate(s), redispatched 2
2026-05-03T22:34:17.359+09:00  INFO 31224 --- [core-api] [   scheduling-1] c.a.c.q.a.o.r.RedisJobDispatchAdapter    : Dispatched job 59dc98d7-109d-4161-8740-03e48f406043 onto aipipeline:jobs:pending
2026-05-03T22:34:17.361+09:00  INFO 31224 --- [core-api] [   scheduling-1] c.a.c.q.a.o.r.RedisJobDispatchAdapter    : Dispatched job 1e3f3820-aeda-4c86-bdc6-298bbb430f8d onto aipipeline:jobs:pending
2026-05-03T22:34:17.400+09:00  INFO 31224 --- [core-api] [   scheduling-1] c.a.c.j.a.service.JobDispatchReconciler  : Dispatch reconciliation scanned 2 candidate(s), redispatched 2
2026-05-03T22:34:27.464+09:00  INFO 31224 --- [core-api] [   scheduling-1] c.a.c.q.a.o.r.RedisJobDispatchAdapter    : Dispatched job 59dc98d7-109d-4161-8740-03e48f406043 onto aipipeline:jobs:pending
2026-05-03T22:34:27.472+09:00  INFO 31224 --- [core-api] [   scheduling-1] c.a.c.q.a.o.r.RedisJobDispatchAdapter    : Dispatched job 1e3f3820-aeda-4c86-bdc6-298bbb430f8d onto aipipeline:jobs:pending
2026-05-03T22:34:27.519+09:00  INFO 31224 --- [core-api] [   scheduling-1] c.a.c.j.a.service.JobDispatchReconciler  : Dispatch reconciliation scanned 2 candidate(s), redispatched 2
2026-05-03T22:34:37.530+09:00  INFO 31224 --- [core-api] [   scheduling-1] c.a.c.q.a.o.r.RedisJobDispatchAdapter    : Dispatched job 59dc98d7-109d-4161-8740-03e48f406043 onto aipipeline:jobs:pending
2026-05-03T22:34:37.590+09:00  INFO 31224 --- [core-api] [   scheduling-1] c.a.c.q.a.o.r.RedisJobDispatchAdapter    : Dispatched job 1e3f3820-aeda-4c86-bdc6-298bbb430f8d onto aipipeline:jobs:pending
2026-05-03T22:34:37.613+09:00  INFO 31224 --- [core-api] [   scheduling-1] c.a.c.j.a.service.JobDispatchReconciler  : Dispatch reconciliation scanned 2 candidate(s), redispatched 2
2026-05-03T22:34:47.724+09:00  INFO 31224 --- [core-api] [   scheduling-1] c.a.c.q.a.o.r.RedisJobDispatchAdapter    : Dispatched job 59dc98d7-109d-4161-8740-03e48f406043 onto aipipeline:jobs:pending
2026-05-03T22:34:47.769+09:00  INFO 31224 --- [core-api] [   scheduling-1] c.a.c.q.a.o.r.RedisJobDispatchAdapter    : Dispatched job 1e3f3820-aeda-4c86-bdc6-298bbb430f8d onto aipipeline:jobs:pending
2026-05-03T22:34:47.782+09:00  INFO 31224 --- [core-api] [   scheduling-1] c.a.c.j.a.service.JobDispatchReconciler  : Dispatch reconciliation scanned 2 candidate(s), redispatched 2
2026-05-03T22:34:57.803+09:00  INFO 31224 --- [core-api] [   scheduling-1] c.a.c.q.a.o.r.RedisJobDispatchAdapter    : Dispatched job 59dc98d7-109d-4161-8740-03e48f406043 onto aipipeline:jobs:pending
2026-05-03T22:34:57.854+09:00  INFO 31224 --- [core-api] [   scheduling-1] c.a.c.q.a.o.r.RedisJobDispatchAdapter    : Dispatched job 1e3f3820-aeda-4c86-bdc6-298bbb430f8d onto aipipeline:jobs:pending
2026-05-03T22:34:57.892+09:00  INFO 31224 --- [core-api] [   scheduling-1] c.a.c.j.a.service.JobDispatchReconciler  : Dispatch reconciliation scanned 2 candidate(s), redispatched 2
2026-05-03T22:35:07.904+09:00  INFO 31224 --- [core-api] [   scheduling-1] c.a.c.q.a.o.r.RedisJobDispatchAdapter    : Dispatched job 59dc98d7-109d-4161-8740-03e48f406043 onto aipipeline:jobs:pending
2026-05-03T22:35:07.956+09:00  INFO 31224 --- [core-api] [   scheduling-1] c.a.c.q.a.o.r.RedisJobDispatchAdapter    : Dispatched job 1e3f3820-aeda-4c86-bdc6-298bbb430f8d onto aipipeline:jobs:pending
2026-05-03T22:35:07.976+09:00  INFO 31224 --- [core-api] [   scheduling-1] c.a.c.j.a.service.JobDispatchReconciler  : Dispatch reconciliation scanned 2 candidate(s), redispatched 2
2026-05-03T22:35:18.005+09:00  INFO 31224 --- [core-api] [   scheduling-1] c.a.c.q.a.o.r.RedisJobDispatchAdapter    : Dispatched job 59dc98d7-109d-4161-8740-03e48f406043 onto aipipeline:jobs:pending
2026-05-03T22:35:18.040+09:00  INFO 31224 --- [core-api] [   scheduling-1] c.a.c.q.a.o.r.RedisJobDispatchAdapter    : Dispatched job 1e3f3820-aeda-4c86-bdc6-298bbb430f8d onto aipipeline:jobs:pending
2026-05-03T22:35:18.063+09:00  INFO 31224 --- [core-api] [   scheduling-1] c.a.c.j.a.service.JobDispatchReconciler  : Dispatch reconciliation scanned 2 candidate(s), redispatched 2
2026-05-03T22:35:28.082+09:00  INFO 31224 --- [core-api] [   scheduling-1] c.a.c.q.a.o.r.RedisJobDispatchAdapter    : Dispatched job 59dc98d7-109d-4161-8740-03e48f406043 onto aipipeline:jobs:pending
2026-05-03T22:35:28.119+09:00  INFO 31224 --- [core-api] [   scheduling-1] c.a.c.q.a.o.r.RedisJobDispatchAdapter    : Dispatched job 1e3f3820-aeda-4c86-bdc6-298bbb430f8d onto aipipeline:jobs:pending
2026-05-03T22:35:28.139+09:00  INFO 31224 --- [core-api] [   scheduling-1] c.a.c.j.a.service.JobDispatchReconciler  : Dispatch reconciliation scanned 2 candidate(s), redispatched 2
2026-05-03T22:35:38.157+09:00  INFO 31224 --- [core-api] [   scheduling-1] c.a.c.q.a.o.r.RedisJobDispatchAdapter    : Dispatched job 59dc98d7-109d-4161-8740-03e48f406043 onto aipipeline:jobs:pending
2026-05-03T22:35:38.212+09:00  INFO 31224 --- [core-api] [   scheduling-1] c.a.c.q.a.o.r.RedisJobDispatchAdapter    : Dispatched job 1e3f3820-aeda-4c86-bdc6-298bbb430f8d onto aipipeline:jobs:pending
2026-05-03T22:35:38.233+09:00  INFO 31224 --- [core-api] [   scheduling-1] c.a.c.j.a.service.JobDispatchReconciler  : Dispatch reconciliation scanned 2 candidate(s), redispatched 2
2026-05-03T22:35:48.267+09:00  INFO 31224 --- [core-api] [   scheduling-1] c.a.c.q.a.o.r.RedisJobDispatchAdapter    : Dispatched job 59dc98d7-109d-4161-8740-03e48f406043 onto aipipeline:jobs:pending
2026-05-03T22:35:48.276+09:00  INFO 31224 --- [core-api] [   scheduling-1] c.a.c.q.a.o.r.RedisJobDispatchAdapter    : Dispatched job 1e3f3820-aeda-4c86-bdc6-298bbb430f8d onto aipipeline:jobs:pending
2026-05-03T22:35:48.329+09:00  INFO 31224 --- [core-api] [   scheduling-1] c.a.c.j.a.service.JobDispatchReconciler  : Dispatch reconciliation scanned 2 candidate(s), redispatched 2
2026-05-03T22:35:58.351+09:00  INFO 31224 --- [core-api] [   scheduling-1] c.a.c.q.a.o.r.RedisJobDispatchAdapter    : Dispatched job 59dc98d7-109d-4161-8740-03e48f406043 onto aipipeline:jobs:pending
2026-05-03T22:35:58.353+09:00  INFO 31224 --- [core-api] [   scheduling-1] c.a.c.q.a.o.r.RedisJobDispatchAdapter    : Dispatched job 1e3f3820-aeda-4c86-bdc6-298bbb430f8d onto aipipeline:jobs:pending
2026-05-03T22:35:58.406+09:00  INFO 31224 --- [core-api] [   scheduling-1] c.a.c.j.a.service.JobDispatchReconciler  : Dispatch reconciliation scanned 2 candidate(s), redispatched 2
2026-05-03T22:36:08.460+09:00  INFO 31224 --- [core-api] [   scheduling-1] c.a.c.q.a.o.r.RedisJobDispatchAdapter    : Dispatched job 59dc98d7-109d-4161-8740-03e48f406043 onto aipipeline:jobs:pending
2026-05-03T22:36:08.494+09:00  INFO 31224 --- [core-api] [   scheduling-1] c.a.c.q.a.o.r.RedisJobDispatchAdapter    : Dispatched job 1e3f3820-aeda-4c86-bdc6-298bbb430f8d onto aipipeline:jobs:pending
2026-05-03T22:36:08.525+09:00  INFO 31224 --- [core-api] [   scheduling-1] c.a.c.j.a.service.JobDispatchReconciler  : Dispatch reconciliation scanned 2 candidate(s), redispatched 2
2026-05-03T22:36:18.551+09:00  INFO 31224 --- [core-api] [   scheduling-1] c.a.c.q.a.o.r.RedisJobDispatchAdapter    : Dispatched job 59dc98d7-109d-4161-8740-03e48f406043 onto aipipeline:jobs:pending
2026-05-03T22:36:18.564+09:00  INFO 31224 --- [core-api] [   scheduling-1] c.a.c.q.a.o.r.RedisJobDispatchAdapter    : Dispatched job 1e3f3820-aeda-4c86-bdc6-298bbb430f8d onto aipipeline:jobs:pending
2026-05-03T22:36:18.594+09:00  INFO 31224 --- [core-api] [   scheduling-1] c.a.c.j.a.service.JobDispatchReconciler  : Dispatch reconciliation scanned 2 candidate(s), redispatched 2
2026-05-03T22:36:21.990+09:00  INFO 31224 --- [core-api] [nio-8080-exec-2] c.a.c.q.a.o.r.RedisJobDispatchAdapter    : Dispatched job 736d920d-c04f-43f2-8376-68d088d19730 onto aipipeline:jobs:pending
2026-05-03T22:36:28.603+09:00  INFO 31224 --- [core-api] [   scheduling-1] c.a.c.q.a.o.r.RedisJobDispatchAdapter    : Dispatched job 59dc98d7-109d-4161-8740-03e48f406043 onto aipipeline:jobs:pending
2026-05-03T22:36:28.605+09:00  INFO 31224 --- [core-api] [   scheduling-1] c.a.c.q.a.o.r.RedisJobDispatchAdapter    : Dispatched job 1e3f3820-aeda-4c86-bdc6-298bbb430f8d onto aipipeline:jobs:pending
2026-05-03T22:36:28.656+09:00  INFO 31224 --- [core-api] [   scheduling-1] c.a.c.q.a.o.r.RedisJobDispatchAdapter    : Dispatched job 736d920d-c04f-43f2-8376-68d088d19730 onto aipipeline:jobs:pending
2026-05-03T22:36:28.688+09:00  INFO 31224 --- [core-api] [   scheduling-1] c.a.c.j.a.service.JobDispatchReconciler  : Dispatch reconciliation scanned 3 candidate(s), redispatched 3
2026-05-03T22:36:38.742+09:00  INFO 31224 --- [core-api] [   scheduling-1] c.a.c.q.a.o.r.RedisJobDispatchAdapter    : Dispatched job 59dc98d7-109d-4161-8740-03e48f406043 onto aipipeline:jobs:pending
2026-05-03T22:36:38.744+09:00  INFO 31224 --- [core-api] [   scheduling-1] c.a.c.q.a.o.r.RedisJobDispatchAdapter    : Dispatched job 1e3f3820-aeda-4c86-bdc6-298bbb430f8d onto aipipeline:jobs:pending
2026-05-03T22:36:38.800+09:00  INFO 31224 --- [core-api] [   scheduling-1] c.a.c.q.a.o.r.RedisJobDispatchAdapter    : Dispatched job 736d920d-c04f-43f2-8376-68d088d19730 onto aipipeline:jobs:pending
2026-05-03T22:36:38.832+09:00  INFO 31224 --- [core-api] [   scheduling-1] c.a.c.j.a.service.JobDispatchReconciler  : Dispatch reconciliation scanned 3 candidate(s), redispatched 3
2026-05-03T22:36:41.322+09:00  INFO 31224 --- [core-api] [nio-8080-exec-4] c.a.c.j.a.service.JobExecutionService    : Claim granted jobId=cd79f337-4d95-419d-90cc-10584f376f7c workerToken=worker-local-1
2026-05-03T22:36:48.857+09:00  INFO 31224 --- [core-api] [   scheduling-1] c.a.c.q.a.o.r.RedisJobDispatchAdapter    : Dispatched job 59dc98d7-109d-4161-8740-03e48f406043 onto aipipeline:jobs:pending
2026-05-03T22:36:48.915+09:00  INFO 31224 --- [core-api] [   scheduling-1] c.a.c.q.a.o.r.RedisJobDispatchAdapter    : Dispatched job 1e3f3820-aeda-4c86-bdc6-298bbb430f8d onto aipipeline:jobs:pending
2026-05-03T22:36:48.953+09:00  INFO 31224 --- [core-api] [   scheduling-1] c.a.c.q.a.o.r.RedisJobDispatchAdapter    : Dispatched job 736d920d-c04f-43f2-8376-68d088d19730 onto aipipeline:jobs:pending
2026-05-03T22:36:48.953+09:00  INFO 31224 --- [core-api] [   scheduling-1] c.a.c.j.a.service.JobDispatchReconciler  : Dispatch reconciliation scanned 3 candidate(s), redispatched 3
2026-05-03T22:36:58.968+09:00  INFO 31224 --- [core-api] [   scheduling-1] c.a.c.q.a.o.r.RedisJobDispatchAdapter    : Dispatched job 59dc98d7-109d-4161-8740-03e48f406043 onto aipipeline:jobs:pending
2026-05-03T22:36:58.994+09:00  INFO 31224 --- [core-api] [   scheduling-1] c.a.c.q.a.o.r.RedisJobDispatchAdapter    : Dispatched job 1e3f3820-aeda-4c86-bdc6-298bbb430f8d onto aipipeline:jobs:pending
2026-05-03T22:36:59.024+09:00  INFO 31224 --- [core-api] [   scheduling-1] c.a.c.q.a.o.r.RedisJobDispatchAdapter    : Dispatched job 736d920d-c04f-43f2-8376-68d088d19730 onto aipipeline:jobs:pending
2026-05-03T22:36:59.025+09:00  INFO 31224 --- [core-api] [   scheduling-1] c.a.c.j.a.service.JobDispatchReconciler  : Dispatch reconciliation scanned 3 candidate(s), redispatched 3
2026-05-03T22:37:09.256+09:00  INFO 31224 --- [core-api] [   scheduling-1] c.a.c.q.a.o.r.RedisJobDispatchAdapter    : Dispatched job 59dc98d7-109d-4161-8740-03e48f406043 onto aipipeline:jobs:pending
2026-05-03T22:37:09.283+09:00  INFO 31224 --- [core-api] [   scheduling-1] c.a.c.q.a.o.r.RedisJobDispatchAdapter    : Dispatched job 1e3f3820-aeda-4c86-bdc6-298bbb430f8d onto aipipeline:jobs:pending
2026-05-03T22:37:09.327+09:00  INFO 31224 --- [core-api] [   scheduling-1] c.a.c.q.a.o.r.RedisJobDispatchAdapter    : Dispatched job 736d920d-c04f-43f2-8376-68d088d19730 onto aipipeline:jobs:pending
2026-05-03T22:37:09.356+09:00  INFO 31224 --- [core-api] [   scheduling-1] c.a.c.j.a.service.JobDispatchReconciler  : Dispatch reconciliation scanned 3 candidate(s), redispatched 3
2026-05-03T22:37:19.525+09:00  INFO 31224 --- [core-api] [   scheduling-1] c.a.c.q.a.o.r.RedisJobDispatchAdapter    : Dispatched job 59dc98d7-109d-4161-8740-03e48f406043 onto aipipeline:jobs:pending
2026-05-03T22:37:19.566+09:00  INFO 31224 --- [core-api] [   scheduling-1] c.a.c.q.a.o.r.RedisJobDispatchAdapter    : Dispatched job 1e3f3820-aeda-4c86-bdc6-298bbb430f8d onto aipipeline:jobs:pending
2026-05-03T22:37:19.601+09:00  INFO 31224 --- [core-api] [   scheduling-1] c.a.c.q.a.o.r.RedisJobDispatchAdapter    : Dispatched job 736d920d-c04f-43f2-8376-68d088d19730 onto aipipeline:jobs:pending
2026-05-03T22:37:19.633+09:00  INFO 31224 --- [core-api] [   scheduling-1] c.a.c.j.a.service.JobDispatchReconciler  : Dispatch reconciliation scanned 3 candidate(s), redispatched 3
2026-05-03T22:37:20.120+09:00  INFO 31224 --- [core-api] [nio-8080-exec-1] c.a.c.j.a.service.JobExecutionService    : Callback applied jobId=cd79f337-4d95-419d-90cc-10584f376f7c outcome=SUCCEEDED status=SUCCEEDED
2026-05-03T22:37:20.253+09:00  INFO 31224 --- [core-api] [io-8080-exec-10] c.a.c.j.a.service.JobExecutionService    : Claim granted jobId=59dc98d7-109d-4161-8740-03e48f406043 workerToken=worker-local-1
2026-05-03T22:37:29.660+09:00  INFO 31224 --- [core-api] [   scheduling-1] c.a.c.q.a.o.r.RedisJobDispatchAdapter    : Dispatched job 1e3f3820-aeda-4c86-bdc6-298bbb430f8d onto aipipeline:jobs:pending
2026-05-03T22:37:29.702+09:00  INFO 31224 --- [core-api] [   scheduling-1] c.a.c.q.a.o.r.RedisJobDispatchAdapter    : Dispatched job 736d920d-c04f-43f2-8376-68d088d19730 onto aipipeline:jobs:pending
2026-05-03T22:37:29.703+09:00  INFO 31224 --- [core-api] [   scheduling-1] c.a.c.j.a.service.JobDispatchReconciler  : Dispatch reconciliation scanned 2 candidate(s), redispatched 2
2026-05-03T22:37:39.715+09:00  INFO 31224 --- [core-api] [   scheduling-1] c.a.c.q.a.o.r.RedisJobDispatchAdapter    : Dispatched job 1e3f3820-aeda-4c86-bdc6-298bbb430f8d onto aipipeline:jobs:pending
2026-05-03T22:37:39.717+09:00  INFO 31224 --- [core-api] [   scheduling-1] c.a.c.q.a.o.r.RedisJobDispatchAdapter    : Dispatched job 736d920d-c04f-43f2-8376-68d088d19730 onto aipipeline:jobs:pending
2026-05-03T22:37:39.830+09:00  INFO 31224 --- [core-api] [   scheduling-1] c.a.c.j.a.service.JobDispatchReconciler  : Dispatch reconciliation scanned 2 candidate(s), redispatched 2
2026-05-03T22:37:47.720+09:00 ERROR 31224 --- [core-api] [nio-8080-exec-8] c.a.c.common.web.GlobalExceptionHandler  : Unhandled exception

org.springframework.http.converter.HttpMessageNotWritableException: Could not write JSON: ServletOutputStream failed to write: java.io.IOException: 현재 연결은 사용자의 호스트 시스템의 소프트웨어의 의해 중단되었습니다
	at org.springframework.http.converter.AbstractJacksonHttpMessageConverter.writeInternal(AbstractJacksonHttpMessageConverter.java:444) ~[spring-web-7.0.5.jar:7.0.5]
	at org.springframework.http.converter.AbstractSmartHttpMessageConverter.write(AbstractSmartHttpMessageConverter.java:116) ~[spring-web-7.0.5.jar:7.0.5]
	at org.springframework.web.servlet.mvc.method.annotation.AbstractMessageConverterMethodProcessor.writeWithMessageConverters(AbstractMessageConverterMethodProcessor.java:343) ~[spring-webmvc-7.0.5.jar:7.0.5]
	at org.springframework.web.servlet.mvc.method.annotation.HttpEntityMethodProcessor.handleReturnValue(HttpEntityMethodProcessor.java:261) ~[spring-webmvc-7.0.5.jar:7.0.5]
	at org.springframework.web.servlet.mvc.method.annotation.ResponseEntityReturnValueHandler.handleReturnValue(ResponseEntityReturnValueHandler.java:80) ~[spring-webmvc-7.0.5.jar:7.0.5]
	at org.springframework.web.method.support.HandlerMethodReturnValueHandlerComposite.handleReturnValue(HandlerMethodReturnValueHandlerComposite.java:78) ~[spring-web-7.0.5.jar:7.0.5]
	at org.springframework.web.servlet.mvc.method.annotation.ServletInvocableHandlerMethod.invokeAndHandle(ServletInvocableHandlerMethod.java:135) ~[spring-webmvc-7.0.5.jar:7.0.5]
	at org.springframework.web.servlet.mvc.method.annotation.RequestMappingHandlerAdapter.invokeHandlerMethod(RequestMappingHandlerAdapter.java:934) ~[spring-webmvc-7.0.5.jar:7.0.5]
	at org.springframework.web.servlet.mvc.method.annotation.RequestMappingHandlerAdapter.handleInternal(RequestMappingHandlerAdapter.java:853) ~[spring-webmvc-7.0.5.jar:7.0.5]
	at org.springframework.web.servlet.mvc.method.AbstractHandlerMethodAdapter.handle(AbstractHandlerMethodAdapter.java:86) ~[spring-webmvc-7.0.5.jar:7.0.5]
	at org.springframework.web.servlet.DispatcherServlet.doDispatch(DispatcherServlet.java:963) ~[spring-webmvc-7.0.5.jar:7.0.5]
	at org.springframework.web.servlet.DispatcherServlet.doService(DispatcherServlet.java:866) ~[spring-webmvc-7.0.5.jar:7.0.5]
	at org.springframework.web.servlet.FrameworkServlet.processRequest(FrameworkServlet.java:1000) ~[spring-webmvc-7.0.5.jar:7.0.5]
	at org.springframework.web.servlet.FrameworkServlet.doGet(FrameworkServlet.java:892) ~[spring-webmvc-7.0.5.jar:7.0.5]
	at jakarta.servlet.http.HttpServlet.service(HttpServlet.java:622) ~[tomcat-embed-core-11.0.18.jar:6.1]
	at org.springframework.web.servlet.FrameworkServlet.service(FrameworkServlet.java:874) ~[spring-webmvc-7.0.5.jar:7.0.5]
	at jakarta.servlet.http.HttpServlet.service(HttpServlet.java:710) ~[tomcat-embed-core-11.0.18.jar:6.1]
	at org.apache.catalina.core.ApplicationFilterChain.doFilter(ApplicationFilterChain.java:128) ~[tomcat-embed-core-11.0.18.jar:11.0.18]
	at org.apache.tomcat.websocket.server.WsFilter.doFilter(WsFilter.java:53) ~[tomcat-embed-websocket-11.0.18.jar:11.0.18]
	at org.apache.catalina.core.ApplicationFilterChain.doFilter(ApplicationFilterChain.java:107) ~[tomcat-embed-core-11.0.18.jar:11.0.18]
	at org.springframework.web.filter.RequestContextFilter.doFilterInternal(RequestContextFilter.java:100) ~[spring-web-7.0.5.jar:7.0.5]
	at org.springframework.web.filter.OncePerRequestFilter.doFilter(OncePerRequestFilter.java:116) ~[spring-web-7.0.5.jar:7.0.5]
	at org.apache.catalina.core.ApplicationFilterChain.doFilter(ApplicationFilterChain.java:107) ~[tomcat-embed-core-11.0.18.jar:11.0.18]
	at org.springframework.web.filter.FormContentFilter.doFilterInternal(FormContentFilter.java:93) ~[spring-web-7.0.5.jar:7.0.5]
	at org.springframework.web.filter.OncePerRequestFilter.doFilter(OncePerRequestFilter.java:116) ~[spring-web-7.0.5.jar:7.0.5]
	at org.apache.catalina.core.ApplicationFilterChain.doFilter(ApplicationFilterChain.java:107) ~[tomcat-embed-core-11.0.18.jar:11.0.18]
	at org.springframework.web.filter.ServerHttpObservationFilter.doFilterInternal(ServerHttpObservationFilter.java:110) ~[spring-web-7.0.5.jar:7.0.5]
	at org.springframework.web.filter.OncePerRequestFilter.doFilter(OncePerRequestFilter.java:116) ~[spring-web-7.0.5.jar:7.0.5]
	at org.apache.catalina.core.ApplicationFilterChain.doFilter(ApplicationFilterChain.java:107) ~[tomcat-embed-core-11.0.18.jar:11.0.18]
	at org.springframework.web.filter.CharacterEncodingFilter.doFilterInternal(CharacterEncodingFilter.java:199) ~[spring-web-7.0.5.jar:7.0.5]
	at org.springframework.web.filter.OncePerRequestFilter.doFilter(OncePerRequestFilter.java:116) ~[spring-web-7.0.5.jar:7.0.5]
	at org.apache.catalina.core.ApplicationFilterChain.doFilter(ApplicationFilterChain.java:107) ~[tomcat-embed-core-11.0.18.jar:11.0.18]
	at org.apache.catalina.core.StandardWrapperValve.invoke(StandardWrapperValve.java:165) ~[tomcat-embed-core-11.0.18.jar:11.0.18]
	at org.apache.catalina.core.StandardContextValve.invoke(StandardContextValve.java:77) ~[tomcat-embed-core-11.0.18.jar:11.0.18]
	at org.apache.catalina.authenticator.AuthenticatorBase.invoke(AuthenticatorBase.java:492) ~[tomcat-embed-core-11.0.18.jar:11.0.18]
	at org.apache.catalina.core.StandardHostValve.invoke(StandardHostValve.java:113) ~[tomcat-embed-core-11.0.18.jar:11.0.18]
	at org.apache.catalina.valves.ErrorReportValve.invoke(ErrorReportValve.java:83) ~[tomcat-embed-core-11.0.18.jar:11.0.18]
	at org.apache.catalina.core.StandardEngineValve.invoke(StandardEngineValve.java:72) ~[tomcat-embed-core-11.0.18.jar:11.0.18]
	at org.apache.catalina.connector.CoyoteAdapter.service(CoyoteAdapter.java:341) ~[tomcat-embed-core-11.0.18.jar:11.0.18]
	at org.apache.coyote.http11.Http11Processor.service(Http11Processor.java:397) ~[tomcat-embed-core-11.0.18.jar:11.0.18]
	at org.apache.coyote.AbstractProcessorLight.process(AbstractProcessorLight.java:63) ~[tomcat-embed-core-11.0.18.jar:11.0.18]
	at org.apache.coyote.AbstractProtocol$ConnectionHandler.process(AbstractProtocol.java:903) ~[tomcat-embed-core-11.0.18.jar:11.0.18]
	at org.apache.tomcat.util.net.NioEndpoint$SocketProcessor.doRun(NioEndpoint.java:1779) ~[tomcat-embed-core-11.0.18.jar:11.0.18]
	at org.apache.tomcat.util.net.SocketProcessorBase.run(SocketProcessorBase.java:52) ~[tomcat-embed-core-11.0.18.jar:11.0.18]
	at org.apache.tomcat.util.threads.ThreadPoolExecutor.runWorker(ThreadPoolExecutor.java:946) ~[tomcat-embed-core-11.0.18.jar:11.0.18]
	at org.apache.tomcat.util.threads.ThreadPoolExecutor$Worker.run(ThreadPoolExecutor.java:480) ~[tomcat-embed-core-11.0.18.jar:11.0.18]
	at org.apache.tomcat.util.threads.TaskThread$WrappingRunnable.run(TaskThread.java:57) ~[tomcat-embed-core-11.0.18.jar:11.0.18]
	at java.base/java.lang.Thread.run(Thread.java:1583) ~[na:na]
Caused by: tools.jackson.databind.DatabindException: ServletOutputStream failed to write: java.io.IOException: 현재 연결은 사용자의 호스트 시스템의 소프트웨어의 의해 중단되었습니다
 at [No location information] (through reference chain: com.aipipeline.coreapi.catalog.adapter.in.web.DocumentCatalogController$LibrarySearchResponse["results"]->java.util.ImmutableCollections$ListN[5]->com.aipipeline.coreapi.catalog.adapter.in.web.DocumentCatalogController$LibrarySearchResult["searchUnit"]->com.aipipeline.coreapi.catalog.adapter.in.web.DocumentCatalogController$SearchUnitResponse["text"])
	at tools.jackson.databind.DatabindException.wrapWithPath(DatabindException.java:132) ~[jackson-databind-3.0.4.jar:3.0.4]
	at tools.jackson.databind.ser.std.StdSerializer.wrapAndThrow(StdSerializer.java:275) ~[jackson-databind-3.0.4.jar:3.0.4]
	at tools.jackson.databind.ser.bean.BeanSerializerBase._serializePropertiesNoView(BeanSerializerBase.java:771) ~[jackson-databind-3.0.4.jar:3.0.4]
	at tools.jackson.databind.ser.BeanSerializer.serialize(BeanSerializer.java:171) ~[jackson-databind-3.0.4.jar:3.0.4]
	at tools.jackson.databind.ser.BeanPropertyWriter.serializeAsProperty(BeanPropertyWriter.java:608) ~[jackson-databind-3.0.4.jar:3.0.4]
	at tools.jackson.databind.ser.UnrolledBeanSerializer.serializeNonFiltered(UnrolledBeanSerializer.java:209) ~[jackson-databind-3.0.4.jar:3.0.4]
	at tools.jackson.databind.ser.UnrolledBeanSerializer.serialize(UnrolledBeanSerializer.java:179) ~[jackson-databind-3.0.4.jar:3.0.4]
	at tools.jackson.databind.ser.jdk.IndexedListSerializer.serializeContentsUsing(IndexedListSerializer.java:141) ~[jackson-databind-3.0.4.jar:3.0.4]
	at tools.jackson.databind.ser.jdk.IndexedListSerializer.serializeContents(IndexedListSerializer.java:89) ~[jackson-databind-3.0.4.jar:3.0.4]
	at tools.jackson.databind.ser.jdk.IndexedListSerializer.serialize(IndexedListSerializer.java:79) ~[jackson-databind-3.0.4.jar:3.0.4]
	at tools.jackson.databind.ser.BeanPropertyWriter.serializeAsProperty(BeanPropertyWriter.java:608) ~[jackson-databind-3.0.4.jar:3.0.4]
	at tools.jackson.databind.ser.UnrolledBeanSerializer.serializeNonFiltered(UnrolledBeanSerializer.java:209) ~[jackson-databind-3.0.4.jar:3.0.4]
	at tools.jackson.databind.ser.UnrolledBeanSerializer.serialize(UnrolledBeanSerializer.java:179) ~[jackson-databind-3.0.4.jar:3.0.4]
	at tools.jackson.databind.ser.SerializationContextExt._serialize(SerializationContextExt.java:456) ~[jackson-databind-3.0.4.jar:3.0.4]
	at tools.jackson.databind.ser.SerializationContextExt.serializeValue(SerializationContextExt.java:308) ~[jackson-databind-3.0.4.jar:3.0.4]
	at tools.jackson.databind.ObjectWriter$Prefetch.serialize(ObjectWriter.java:1365) ~[jackson-databind-3.0.4.jar:3.0.4]
	at tools.jackson.databind.ObjectWriter.writeValue(ObjectWriter.java:973) ~[jackson-databind-3.0.4.jar:3.0.4]
	at org.springframework.http.converter.AbstractJacksonHttpMessageConverter.writeInternal(AbstractJacksonHttpMessageConverter.java:436) ~[spring-web-7.0.5.jar:7.0.5]
	... 47 common frames omitted
	Suppressed: tools.jackson.core.exc.JacksonIOException: Response not usable after response errors.
 at [No location information]
		at tools.jackson.core.exc.JacksonIOException.construct(JacksonIOException.java:39) ~[jackson-core-3.0.4.jar:3.0.4]
		at tools.jackson.core.JsonGenerator._wrapIOFailure(JsonGenerator.java:2476) ~[jackson-core-3.0.4.jar:3.0.4]
		at tools.jackson.core.json.UTF8JsonGenerator._flushBuffer(UTF8JsonGenerator.java:2343) ~[jackson-core-3.0.4.jar:3.0.4]
		at tools.jackson.core.json.UTF8JsonGenerator._closeInput(UTF8JsonGenerator.java:1265) ~[jackson-core-3.0.4.jar:3.0.4]
		at tools.jackson.core.base.GeneratorBase.close(GeneratorBase.java:334) ~[jackson-core-3.0.4.jar:3.0.4]
		at org.springframework.http.converter.AbstractJacksonHttpMessageConverter.writeInternal(AbstractJacksonHttpMessageConverter.java:434) ~[spring-web-7.0.5.jar:7.0.5]
		... 47 common frames omitted
	Caused by: org.springframework.web.context.request.async.AsyncRequestNotUsableException: Response not usable after response errors.
		at org.springframework.web.context.request.async.StandardServletAsyncWebRequest$LifecycleHttpServletResponse.obtainLockOrRaiseException(StandardServletAsyncWebRequest.java:332)
		at org.springframework.web.context.request.async.StandardServletAsyncWebRequest$LifecycleServletOutputStream.write(StandardServletAsyncWebRequest.java:394)
		at org.springframework.util.StreamUtils$NonClosingOutputStream.write(StreamUtils.java:284)
		at tools.jackson.core.json.UTF8JsonGenerator._flushBuffer(UTF8JsonGenerator.java:2341)
		... 50 common frames omitted
Caused by: org.springframework.web.context.request.async.AsyncRequestNotUsableException: ServletOutputStream failed to write: java.io.IOException: 현재 연결은 사용자의 호스트 시스템의 소프트웨어의 의해 중단되었습니다
	at org.springframework.web.context.request.async.StandardServletAsyncWebRequest$LifecycleHttpServletResponse.handleIOException(StandardServletAsyncWebRequest.java:340) ~[spring-web-7.0.5.jar:7.0.5]
	at org.springframework.web.context.request.async.StandardServletAsyncWebRequest$LifecycleServletOutputStream.write(StandardServletAsyncWebRequest.java:399) ~[spring-web-7.0.5.jar:7.0.5]
	at org.springframework.util.StreamUtils$NonClosingOutputStream.write(StreamUtils.java:284) ~[spring-core-7.0.5.jar:7.0.5]
	at tools.jackson.core.json.UTF8JsonGenerator._flushBuffer(UTF8JsonGenerator.java:2341) ~[jackson-core-3.0.4.jar:3.0.4]
	at tools.jackson.core.json.UTF8JsonGenerator._writeStringSegment2(UTF8JsonGenerator.java:1586) ~[jackson-core-3.0.4.jar:3.0.4]
	at tools.jackson.core.json.UTF8JsonGenerator._writeStringSegment(UTF8JsonGenerator.java:1520) ~[jackson-core-3.0.4.jar:3.0.4]
	at tools.jackson.core.json.UTF8JsonGenerator._writeStringSegments(UTF8JsonGenerator.java:1393) ~[jackson-core-3.0.4.jar:3.0.4]
	at tools.jackson.core.json.UTF8JsonGenerator.writeString(UTF8JsonGenerator.java:531) ~[jackson-core-3.0.4.jar:3.0.4]
	at tools.jackson.databind.ser.jdk.StringSerializer.serialize(StringSerializer.java:35) ~[jackson-databind-3.0.4.jar:3.0.4]
	at tools.jackson.databind.ser.BeanPropertyWriter.serializeAsProperty(BeanPropertyWriter.java:608) ~[jackson-databind-3.0.4.jar:3.0.4]
	at tools.jackson.databind.ser.bean.BeanSerializerBase._serializePropertiesNoView(BeanSerializerBase.java:747) ~[jackson-databind-3.0.4.jar:3.0.4]
	... 62 common frames omitted
Caused by: org.apache.catalina.connector.ClientAbortException: java.io.IOException: 현재 연결은 사용자의 호스트 시스템의 소프트웨어의 의해 중단되었습니다
	at org.apache.catalina.connector.OutputBuffer.realWriteBytes(OutputBuffer.java:328) ~[tomcat-embed-core-11.0.18.jar:11.0.18]
	at org.apache.catalina.connector.OutputBuffer.flushByteBuffer(OutputBuffer.java:764) ~[tomcat-embed-core-11.0.18.jar:11.0.18]
	at org.apache.catalina.connector.OutputBuffer.append(OutputBuffer.java:661) ~[tomcat-embed-core-11.0.18.jar:11.0.18]
	at org.apache.catalina.connector.OutputBuffer.writeBytes(OutputBuffer.java:363) ~[tomcat-embed-core-11.0.18.jar:11.0.18]
	at org.apache.catalina.connector.OutputBuffer.write(OutputBuffer.java:341) ~[tomcat-embed-core-11.0.18.jar:11.0.18]
	at org.apache.catalina.connector.CoyoteOutputStream.write(CoyoteOutputStream.java:99) ~[tomcat-embed-core-11.0.18.jar:11.0.18]
	at org.springframework.web.context.request.async.StandardServletAsyncWebRequest$LifecycleServletOutputStream.write(StandardServletAsyncWebRequest.java:396) ~[spring-web-7.0.5.jar:7.0.5]
	... 71 common frames omitted
Caused by: java.io.IOException: 현재 연결은 사용자의 호스트 시스템의 소프트웨어의 의해 중단되었습니다
	at java.base/sun.nio.ch.SocketDispatcher.write0(Native Method) ~[na:na]
	at java.base/sun.nio.ch.SocketDispatcher.write(SocketDispatcher.java:54) ~[na:na]
	at java.base/sun.nio.ch.IOUtil.writeFromNativeBuffer(IOUtil.java:137) ~[na:na]
	at java.base/sun.nio.ch.IOUtil.write(IOUtil.java:102) ~[na:na]
	at java.base/sun.nio.ch.IOUtil.write(IOUtil.java:58) ~[na:na]
	at java.base/sun.nio.ch.SocketChannelImpl.write(SocketChannelImpl.java:542) ~[na:na]
	at org.apache.tomcat.util.net.NioChannel.write(NioChannel.java:129) ~[tomcat-embed-core-11.0.18.jar:11.0.18]
	at org.apache.tomcat.util.net.NioEndpoint$NioSocketWrapper.doWrite(NioEndpoint.java:1419) ~[tomcat-embed-core-11.0.18.jar:11.0.18]
	at org.apache.tomcat.util.net.SocketWrapperBase.doWrite(SocketWrapperBase.java:747) ~[tomcat-embed-core-11.0.18.jar:11.0.18]
	at org.apache.tomcat.util.net.SocketWrapperBase.writeBlocking(SocketWrapperBase.java:587) ~[tomcat-embed-core-11.0.18.jar:11.0.18]
	at org.apache.tomcat.util.net.SocketWrapperBase.write(SocketWrapperBase.java:535) ~[tomcat-embed-core-11.0.18.jar:11.0.18]
	at org.apache.coyote.http11.Http11OutputBuffer$SocketOutputBuffer.doWrite(Http11OutputBuffer.java:537) ~[tomcat-embed-core-11.0.18.jar:11.0.18]
	at org.apache.coyote.http11.filters.ChunkedOutputFilter.doWrite(ChunkedOutputFilter.java:109) ~[tomcat-embed-core-11.0.18.jar:11.0.18]
	at org.apache.coyote.http11.Http11OutputBuffer.doWrite(Http11OutputBuffer.java:193) ~[tomcat-embed-core-11.0.18.jar:11.0.18]
	at org.apache.coyote.Response.doWrite(Response.java:633) ~[tomcat-embed-core-11.0.18.jar:11.0.18]
	at org.apache.catalina.connector.OutputBuffer.realWriteBytes(OutputBuffer.java:316) ~[tomcat-embed-core-11.0.18.jar:11.0.18]
	... 77 common frames omitted

2026-05-03T22:37:49.923+09:00  INFO 31224 --- [core-api] [   scheduling-1] c.a.c.q.a.o.r.RedisJobDispatchAdapter    : Dispatched job 1e3f3820-aeda-4c86-bdc6-298bbb430f8d onto aipipeline:jobs:pending
2026-05-03T22:37:49.992+09:00  INFO 31224 --- [core-api] [   scheduling-1] c.a.c.q.a.o.r.RedisJobDispatchAdapter    : Dispatched job 736d920d-c04f-43f2-8376-68d088d19730 onto aipipeline:jobs:pending
2026-05-03T22:37:50.065+09:00  INFO 31224 --- [core-api] [   scheduling-1] c.a.c.j.a.service.JobDispatchReconciler  : Dispatch reconciliation scanned 2 candidate(s), redispatched 2
2026-05-03T22:37:53.815+09:00  INFO 31224 --- [core-api] [nio-8080-exec-1] c.a.c.j.a.service.JobExecutionService    : Callback applied jobId=59dc98d7-109d-4161-8740-03e48f406043 outcome=SUCCEEDED status=SUCCEEDED
2026-05-03T22:37:54.237+09:00  INFO 31224 --- [core-api] [io-8080-exec-10] c.a.c.j.a.service.JobExecutionService    : Claim granted jobId=1e3f3820-aeda-4c86-bdc6-298bbb430f8d workerToken=worker-local-1
2026-05-03T22:38:00.084+09:00  INFO 31224 --- [core-api] [   scheduling-1] c.a.c.q.a.o.r.RedisJobDispatchAdapter    : Dispatched job 736d920d-c04f-43f2-8376-68d088d19730 onto aipipeline:jobs:pending
2026-05-03T22:38:00.084+09:00  INFO 31224 --- [core-api] [   scheduling-1] c.a.c.j.a.service.JobDispatchReconciler  : Dispatch reconciliation scanned 1 candidate(s), redispatched 1
2026-05-03T22:38:10.145+09:00  INFO 31224 --- [core-api] [   scheduling-1] c.a.c.q.a.o.r.RedisJobDispatchAdapter    : Dispatched job 736d920d-c04f-43f2-8376-68d088d19730 onto aipipeline:jobs:pending
2026-05-03T22:38:10.146+09:00  INFO 31224 --- [core-api] [   scheduling-1] c.a.c.j.a.service.JobDispatchReconciler  : Dispatch reconciliation scanned 1 candidate(s), redispatched 1
2026-05-03T22:38:15.735+09:00  INFO 31224 --- [core-api] [nio-8080-exec-1] c.a.c.j.a.service.JobExecutionService    : Claim granted jobId=736d920d-c04f-43f2-8376-68d088d19730 workerToken=worker-local-1
2026-05-03T22:38:57.733+09:00  INFO 31224 --- [core-api] [nio-8080-exec-1] c.a.c.j.a.service.JobExecutionService    : Callback applied jobId=736d920d-c04f-43f2-8376-68d088d19730 outcome=SUCCEEDED status=SUCCEEDED
2026-05-03T22:38:58.956+09:00  INFO 31224 --- [core-api] [nio-8080-exec-9] c.a.c.q.a.o.r.RedisJobDispatchAdapter    : Dispatched job d78b212e-4ad8-424b-a969-40d4cfaa1ec6 onto aipipeline:jobs:pending
2026-05-03T22:38:58.963+09:00  INFO 31224 --- [core-api] [nio-8080-exec-8] c.a.c.j.a.service.JobExecutionService    : Claim granted jobId=d78b212e-4ad8-424b-a969-40d4cfaa1ec6 workerToken=worker-local-1
2026-05-03T22:39:11.835+09:00  INFO 31224 --- [core-api] [nio-8080-exec-1] c.a.c.q.a.o.r.RedisJobDispatchAdapter    : Dispatched job cc619cc3-5633-4423-a1d0-0c962c27f388 onto aipipeline:jobs:pending
2026-05-03T22:39:20.394+09:00  INFO 31224 --- [core-api] [   scheduling-1] c.a.c.q.a.o.r.RedisJobDispatchAdapter    : Dispatched job cc619cc3-5633-4423-a1d0-0c962c27f388 onto aipipeline:jobs:pending
2026-05-03T22:39:20.395+09:00  INFO 31224 --- [core-api] [   scheduling-1] c.a.c.j.a.service.JobDispatchReconciler  : Dispatch reconciliation scanned 1 candidate(s), redispatched 1
2026-05-03T22:39:29.857+09:00  INFO 31224 --- [core-api] [nio-8080-exec-9] c.a.c.j.a.service.JobExecutionService    : Callback applied jobId=d78b212e-4ad8-424b-a969-40d4cfaa1ec6 outcome=SUCCEEDED status=SUCCEEDED
2026-05-03T22:39:29.907+09:00  INFO 31224 --- [core-api] [nio-8080-exec-3] c.a.c.j.a.service.JobExecutionService    : Claim granted jobId=cc619cc3-5633-4423-a1d0-0c962c27f388 workerToken=worker-local-1
2026-05-03T22:39:31.327+09:00  INFO 31224 --- [core-api] [nio-8080-exec-2] c.a.c.q.a.o.r.RedisJobDispatchAdapter    : Dispatched job fca43b49-6f78-412a-9bf0-b3feb0638559 onto aipipeline:jobs:pending
2026-05-03T22:39:40.484+09:00  INFO 31224 --- [core-api] [   scheduling-1] c.a.c.q.a.o.r.RedisJobDispatchAdapter    : Dispatched job fca43b49-6f78-412a-9bf0-b3feb0638559 onto aipipeline:jobs:pending
2026-05-03T22:39:40.523+09:00  INFO 31224 --- [core-api] [   scheduling-1] c.a.c.j.a.service.JobDispatchReconciler  : Dispatch reconciliation scanned 1 candidate(s), redispatched 1
2026-05-03T22:39:50.642+09:00  INFO 31224 --- [core-api] [   scheduling-1] c.a.c.q.a.o.r.RedisJobDispatchAdapter    : Dispatched job fca43b49-6f78-412a-9bf0-b3feb0638559 onto aipipeline:jobs:pending
2026-05-03T22:39:50.926+09:00  INFO 31224 --- [core-api] [   scheduling-1] c.a.c.j.a.service.JobDispatchReconciler  : Dispatch reconciliation scanned 1 candidate(s), redispatched 1
2026-05-03T22:40:00.978+09:00  INFO 31224 --- [core-api] [   scheduling-1] c.a.c.q.a.o.r.RedisJobDispatchAdapter    : Dispatched job fca43b49-6f78-412a-9bf0-b3feb0638559 onto aipipeline:jobs:pending
2026-05-03T22:40:01.028+09:00  INFO 31224 --- [core-api] [   scheduling-1] c.a.c.j.a.service.JobDispatchReconciler  : Dispatch reconciliation scanned 1 candidate(s), redispatched 1
2026-05-03T22:40:02.208+09:00  INFO 31224 --- [core-api] [nio-8080-exec-3] c.a.c.j.a.service.JobExecutionService    : Callback applied jobId=cc619cc3-5633-4423-a1d0-0c962c27f388 outcome=SUCCEEDED status=SUCCEEDED
2026-05-03T22:40:02.266+09:00  INFO 31224 --- [core-api] [nio-8080-exec-6] c.a.c.j.a.service.JobExecutionService    : Claim granted jobId=fca43b49-6f78-412a-9bf0-b3feb0638559 workerToken=worker-local-1
2026-05-03T22:40:03.394+09:00  INFO 31224 --- [core-api] [nio-8080-exec-9] c.a.c.q.a.o.r.RedisJobDispatchAdapter    : Dispatched job 924e2680-096d-4680-83cd-ab7f3bd21bef onto aipipeline:jobs:pending
2026-05-03T22:40:11.106+09:00  INFO 31224 --- [core-api] [   scheduling-1] c.a.c.q.a.o.r.RedisJobDispatchAdapter    : Dispatched job 924e2680-096d-4680-83cd-ab7f3bd21bef onto aipipeline:jobs:pending
2026-05-03T22:40:11.106+09:00  INFO 31224 --- [core-api] [   scheduling-1] c.a.c.j.a.service.JobDispatchReconciler  : Dispatch reconciliation scanned 1 candidate(s), redispatched 1
2026-05-03T22:40:21.365+09:00  INFO 31224 --- [core-api] [   scheduling-1] c.a.c.q.a.o.r.RedisJobDispatchAdapter    : Dispatched job 924e2680-096d-4680-83cd-ab7f3bd21bef onto aipipeline:jobs:pending
2026-05-03T22:40:21.366+09:00  INFO 31224 --- [core-api] [   scheduling-1] c.a.c.j.a.service.JobDispatchReconciler  : Dispatch reconciliation scanned 1 candidate(s), redispatched 1
2026-05-03T22:40:31.852+09:00  INFO 31224 --- [core-api] [   scheduling-1] c.a.c.q.a.o.r.RedisJobDispatchAdapter    : Dispatched job 924e2680-096d-4680-83cd-ab7f3bd21bef onto aipipeline:jobs:pending
2026-05-03T22:40:32.228+09:00  INFO 31224 --- [core-api] [   scheduling-1] c.a.c.j.a.service.JobDispatchReconciler  : Dispatch reconciliation scanned 1 candidate(s), redispatched 1
2026-05-03T22:40:38.301+09:00  INFO 31224 --- [core-api] [nio-8080-exec-4] c.a.c.j.a.service.JobExecutionService    : Callback applied jobId=fca43b49-6f78-412a-9bf0-b3feb0638559 outcome=SUCCEEDED status=SUCCEEDED
2026-05-03T22:40:38.653+09:00  INFO 31224 --- [core-api] [nio-8080-exec-3] c.a.c.j.a.service.JobExecutionService    : Claim granted jobId=924e2680-096d-4680-83cd-ab7f3bd21bef workerToken=worker-local-1
2026-05-03T22:40:40.407+09:00  INFO 31224 --- [core-api] [nio-8080-exec-4] c.a.c.q.a.o.r.RedisJobDispatchAdapter    : Dispatched job 3e0e8491-ca5c-447b-9e5d-bf2dcabed456 onto aipipeline:jobs:pending
2026-05-03T22:40:42.516+09:00  INFO 31224 --- [core-api] [   scheduling-1] c.a.c.q.a.o.r.RedisJobDispatchAdapter    : Dispatched job 3e0e8491-ca5c-447b-9e5d-bf2dcabed456 onto aipipeline:jobs:pending
2026-05-03T22:40:42.517+09:00  INFO 31224 --- [core-api] [   scheduling-1] c.a.c.j.a.service.JobDispatchReconciler  : Dispatch reconciliation scanned 1 candidate(s), redispatched 1
2026-05-03T22:40:52.672+09:00  INFO 31224 --- [core-api] [   scheduling-1] c.a.c.q.a.o.r.RedisJobDispatchAdapter    : Dispatched job 3e0e8491-ca5c-447b-9e5d-bf2dcabed456 onto aipipeline:jobs:pending
2026-05-03T22:40:52.698+09:00  INFO 31224 --- [core-api] [   scheduling-1] c.a.c.j.a.service.JobDispatchReconciler  : Dispatch reconciliation scanned 1 candidate(s), redispatched 1
2026-05-03T22:41:02.726+09:00  INFO 31224 --- [core-api] [   scheduling-1] c.a.c.q.a.o.r.RedisJobDispatchAdapter    : Dispatched job 3e0e8491-ca5c-447b-9e5d-bf2dcabed456 onto aipipeline:jobs:pending
2026-05-03T22:41:02.726+09:00  INFO 31224 --- [core-api] [   scheduling-1] c.a.c.j.a.service.JobDispatchReconciler  : Dispatch reconciliation scanned 1 candidate(s), redispatched 1
2026-05-03T22:41:12.775+09:00  INFO 31224 --- [core-api] [nio-8080-exec-2] c.a.c.j.a.service.JobExecutionService    : Callback applied jobId=924e2680-096d-4680-83cd-ab7f3bd21bef outcome=SUCCEEDED status=SUCCEEDED
2026-05-03T22:41:12.986+09:00  INFO 31224 --- [core-api] [   scheduling-1] c.a.c.q.a.o.r.RedisJobDispatchAdapter    : Dispatched job 3e0e8491-ca5c-447b-9e5d-bf2dcabed456 onto aipipeline:jobs:pending
2026-05-03T22:41:13.029+09:00  INFO 31224 --- [core-api] [   scheduling-1] c.a.c.j.a.service.JobDispatchReconciler  : Dispatch reconciliation scanned 1 candidate(s), redispatched 1
2026-05-03T22:41:13.104+09:00  INFO 31224 --- [core-api] [nio-8080-exec-6] c.a.c.j.a.service.JobExecutionService    : Claim granted jobId=3e0e8491-ca5c-447b-9e5d-bf2dcabed456 workerToken=worker-local-1
2026-05-03T22:41:14.250+09:00  INFO 31224 --- [core-api] [nio-8080-exec-7] c.a.c.q.a.o.r.RedisJobDispatchAdapter    : Dispatched job 240fa244-1756-45fc-adeb-819524800e65 onto aipipeline:jobs:pending
2026-05-03T22:41:23.126+09:00  INFO 31224 --- [core-api] [   scheduling-1] c.a.c.q.a.o.r.RedisJobDispatchAdapter    : Dispatched job 240fa244-1756-45fc-adeb-819524800e65 onto aipipeline:jobs:pending
2026-05-03T22:41:23.127+09:00  INFO 31224 --- [core-api] [   scheduling-1] c.a.c.j.a.service.JobDispatchReconciler  : Dispatch reconciliation scanned 1 candidate(s), redispatched 1
2026-05-03T22:41:33.149+09:00  INFO 31224 --- [core-api] [   scheduling-1] c.a.c.q.a.o.r.RedisJobDispatchAdapter    : Dispatched job 240fa244-1756-45fc-adeb-819524800e65 onto aipipeline:jobs:pending
2026-05-03T22:41:33.151+09:00  INFO 31224 --- [core-api] [   scheduling-1] c.a.c.j.a.service.JobDispatchReconciler  : Dispatch reconciliation scanned 1 candidate(s), redispatched 1
2026-05-03T22:41:43.568+09:00  INFO 31224 --- [core-api] [   scheduling-1] c.a.c.q.a.o.r.RedisJobDispatchAdapter    : Dispatched job 240fa244-1756-45fc-adeb-819524800e65 onto aipipeline:jobs:pending
2026-05-03T22:41:43.626+09:00  INFO 31224 --- [core-api] [   scheduling-1] c.a.c.j.a.service.JobDispatchReconciler  : Dispatch reconciliation scanned 1 candidate(s), redispatched 1
2026-05-03T22:41:45.665+09:00  INFO 31224 --- [core-api] [nio-8080-exec-8] c.a.c.j.a.service.JobExecutionService    : Callback applied jobId=3e0e8491-ca5c-447b-9e5d-bf2dcabed456 outcome=SUCCEEDED status=SUCCEEDED
2026-05-03T22:41:46.024+09:00  INFO 31224 --- [core-api] [nio-8080-exec-5] c.a.c.j.a.service.JobExecutionService    : Claim granted jobId=240fa244-1756-45fc-adeb-819524800e65 workerToken=worker-local-1
2026-05-03T22:42:22.878+09:00  INFO 31224 --- [core-api] [nio-8080-exec-1] c.a.c.j.a.service.JobExecutionService    : Callback applied jobId=240fa244-1756-45fc-adeb-819524800e65 outcome=SUCCEEDED status=SUCCEEDED
2026-05-03T22:42:23.695+09:00  INFO 31224 --- [core-api] [nio-8080-exec-8] c.a.c.q.a.o.r.RedisJobDispatchAdapter    : Dispatched job 08bc6e43-a04d-41ab-a638-3000975cdfa2 onto aipipeline:jobs:pending
2026-05-03T22:42:23.701+09:00  INFO 31224 --- [core-api] [nio-8080-exec-7] c.a.c.j.a.service.JobExecutionService    : Claim granted jobId=08bc6e43-a04d-41ab-a638-3000975cdfa2 workerToken=worker-local-1
2026-05-03T22:42:54.957+09:00  INFO 31224 --- [core-api] [nio-8080-exec-6] c.a.c.j.a.service.JobExecutionService    : Callback applied jobId=08bc6e43-a04d-41ab-a638-3000975cdfa2 outcome=SUCCEEDED status=SUCCEEDED
2026-05-03T22:42:56.068+09:00  INFO 31224 --- [core-api] [nio-8080-exec-4] c.a.c.q.a.o.r.RedisJobDispatchAdapter    : Dispatched job fa868197-f4e1-4902-8381-cad762ade180 onto aipipeline:jobs:pending
2026-05-03T22:42:56.090+09:00  INFO 31224 --- [core-api] [nio-8080-exec-7] c.a.c.j.a.service.JobExecutionService    : Claim granted jobId=fa868197-f4e1-4902-8381-cad762ade180 workerToken=worker-local-1
2026-05-03T22:43:31.007+09:00  INFO 31224 --- [core-api] [nio-8080-exec-3] c.a.c.j.a.service.JobExecutionService    : Callback applied jobId=fa868197-f4e1-4902-8381-cad762ade180 outcome=SUCCEEDED status=SUCCEEDED
2026-05-03T22:43:32.235+09:00  INFO 31224 --- [core-api] [nio-8080-exec-5] c.a.c.q.a.o.r.RedisJobDispatchAdapter    : Dispatched job 923e3151-8b5e-4e88-9eed-7d835326a407 onto aipipeline:jobs:pending
2026-05-03T22:43:32.241+09:00  INFO 31224 --- [core-api] [nio-8080-exec-8] c.a.c.j.a.service.JobExecutionService    : Claim granted jobId=923e3151-8b5e-4e88-9eed-7d835326a407 workerToken=worker-local-1
2026-05-03T22:44:05.432+09:00  INFO 31224 --- [core-api] [nio-8080-exec-5] c.a.c.j.a.service.JobExecutionService    : Callback applied jobId=923e3151-8b5e-4e88-9eed-7d835326a407 outcome=SUCCEEDED status=SUCCEEDED
2026-05-03T22:44:06.159+09:00  INFO 31224 --- [core-api] [nio-8080-exec-4] c.a.c.q.a.o.r.RedisJobDispatchAdapter    : Dispatched job cb7c282a-7db7-4167-916e-f346aaad338e onto aipipeline:jobs:pending
2026-05-03T22:44:06.170+09:00  INFO 31224 --- [core-api] [nio-8080-exec-7] c.a.c.j.a.service.JobExecutionService    : Claim granted jobId=cb7c282a-7db7-4167-916e-f346aaad338e workerToken=worker-local-1
2026-05-03T22:44:42.222+09:00  INFO 31224 --- [core-api] [nio-8080-exec-7] c.a.c.j.a.service.JobExecutionService    : Callback applied jobId=cb7c282a-7db7-4167-916e-f346aaad338e outcome=SUCCEEDED status=SUCCEEDED
2026-05-03T22:44:43.167+09:00  INFO 31224 --- [core-api] [nio-8080-exec-2] c.a.c.q.a.o.r.RedisJobDispatchAdapter    : Dispatched job 5dcd1048-5177-4184-aa2f-28d7b8864a9b onto aipipeline:jobs:pending
2026-05-03T22:44:43.174+09:00  INFO 31224 --- [core-api] [io-8080-exec-10] c.a.c.j.a.service.JobExecutionService    : Claim granted jobId=5dcd1048-5177-4184-aa2f-28d7b8864a9b workerToken=worker-local-1
2026-05-03T22:45:15.338+09:00  INFO 31224 --- [core-api] [nio-8080-exec-3] c.a.c.j.a.service.JobExecutionService    : Callback applied jobId=5dcd1048-5177-4184-aa2f-28d7b8864a9b outcome=SUCCEEDED status=SUCCEEDED
2026-05-03T22:46:15.438+09:00  INFO 31224 --- [core-api] [nio-8080-exec-9] c.a.c.q.a.o.r.RedisJobDispatchAdapter    : Dispatched job 694cf371-1bc6-4714-a6b3-a129330aa37e onto aipipeline:jobs:pending
2026-05-03T22:46:15.446+09:00  INFO 31224 --- [core-api] [nio-8080-exec-2] c.a.c.j.a.service.JobExecutionService    : Claim granted jobId=694cf371-1bc6-4714-a6b3-a129330aa37e workerToken=worker-local-1
2026-05-03T22:46:15.730+09:00  INFO 31224 --- [core-api] [nio-8080-exec-8] c.a.c.j.a.service.JobExecutionService    : Callback applied jobId=694cf371-1bc6-4714-a6b3-a129330aa37e outcome=SUCCEEDED status=SUCCEEDED
2026-05-03T22:46:21.867+09:00  INFO 31224 --- [core-api] [nio-8080-exec-3] c.a.c.q.a.o.r.RedisJobDispatchAdapter    : Dispatched job daf1fdf8-3c0e-47f3-ab6c-98ce3345e6b8 onto aipipeline:jobs:pending
2026-05-03T22:46:21.892+09:00  INFO 31224 --- [core-api] [nio-8080-exec-7] c.a.c.j.a.service.JobExecutionService    : Claim granted jobId=daf1fdf8-3c0e-47f3-ab6c-98ce3345e6b8 workerToken=worker-local-1
2026-05-03T22:47:05.269+09:00  INFO 31224 --- [core-api] [nio-8080-exec-2] c.a.c.j.a.service.JobExecutionService    : Callback applied jobId=daf1fdf8-3c0e-47f3-ab6c-98ce3345e6b8 outcome=SUCCEEDED status=SUCCEEDED
2026-05-03T22:47:05.875+09:00  INFO 31224 --- [core-api] [nio-8080-exec-6] c.a.c.q.a.o.r.RedisJobDispatchAdapter    : Dispatched job 91af303c-a33a-4304-a9bd-7e7e54833a05 onto aipipeline:jobs:pending
2026-05-03T22:47:05.881+09:00  INFO 31224 --- [core-api] [nio-8080-exec-4] c.a.c.j.a.service.JobExecutionService    : Claim granted jobId=91af303c-a33a-4304-a9bd-7e7e54833a05 workerToken=worker-local-1
2026-05-03T22:47:43.058+09:00  INFO 31224 --- [core-api] [nio-8080-exec-4] c.a.c.j.a.service.JobExecutionService    : Callback applied jobId=91af303c-a33a-4304-a9bd-7e7e54833a05 outcome=SUCCEEDED status=SUCCEEDED
2026-05-03T22:47:43.967+09:00  INFO 31224 --- [core-api] [nio-8080-exec-3] c.a.c.q.a.o.r.RedisJobDispatchAdapter    : Dispatched job ee95af9f-a558-4070-8bc2-7fe43c01d970 onto aipipeline:jobs:pending
2026-05-03T22:47:43.974+09:00  INFO 31224 --- [core-api] [nio-8080-exec-7] c.a.c.j.a.service.JobExecutionService    : Claim granted jobId=ee95af9f-a558-4070-8bc2-7fe43c01d970 workerToken=worker-local-1
2026-05-03T22:48:20.325+09:00  INFO 31224 --- [core-api] [nio-8080-exec-2] c.a.c.j.a.service.JobExecutionService    : Callback applied jobId=ee95af9f-a558-4070-8bc2-7fe43c01d970 outcome=SUCCEEDED status=SUCCEEDED
2026-05-03T22:48:20.992+09:00  INFO 31224 --- [core-api] [nio-8080-exec-8] c.a.c.q.a.o.r.RedisJobDispatchAdapter    : Dispatched job fcd21cec-d048-4a62-b418-236dbf4d3c2f onto aipipeline:jobs:pending
2026-05-03T22:48:21.000+09:00  INFO 31224 --- [core-api] [nio-8080-exec-1] c.a.c.j.a.service.JobExecutionService    : Claim granted jobId=fcd21cec-d048-4a62-b418-236dbf4d3c2f workerToken=worker-local-1
2026-05-03T22:48:57.430+09:00  INFO 31224 --- [core-api] [nio-8080-exec-7] c.a.c.j.a.service.JobExecutionService    : Callback applied jobId=fcd21cec-d048-4a62-b418-236dbf4d3c2f outcome=SUCCEEDED status=SUCCEEDED
2026-05-03T22:48:58.525+09:00  INFO 31224 --- [core-api] [nio-8080-exec-2] c.a.c.q.a.o.r.RedisJobDispatchAdapter    : Dispatched job c7043f0a-9155-4f8c-b5a8-4dc43ce4241a onto aipipeline:jobs:pending
2026-05-03T22:48:58.533+09:00  INFO 31224 --- [core-api] [nio-8080-exec-8] c.a.c.j.a.service.JobExecutionService    : Claim granted jobId=c7043f0a-9155-4f8c-b5a8-4dc43ce4241a workerToken=worker-local-1
2026-05-03T22:49:34.467+09:00  INFO 31224 --- [core-api] [nio-8080-exec-7] c.a.c.j.a.service.JobExecutionService    : Callback applied jobId=c7043f0a-9155-4f8c-b5a8-4dc43ce4241a outcome=SUCCEEDED status=SUCCEEDED
2026-05-03T22:49:35.742+09:00  INFO 31224 --- [core-api] [nio-8080-exec-3] c.a.c.q.a.o.r.RedisJobDispatchAdapter    : Dispatched job ec7368af-4306-4d3f-89a1-7b6a1a6f5a3b onto aipipeline:jobs:pending
2026-05-03T22:49:35.748+09:00  INFO 31224 --- [core-api] [nio-8080-exec-2] c.a.c.j.a.service.JobExecutionService    : Claim granted jobId=ec7368af-4306-4d3f-89a1-7b6a1a6f5a3b workerToken=worker-local-1
2026-05-03T22:50:09.319+09:00  INFO 31224 --- [core-api] [nio-8080-exec-1] c.a.c.j.a.service.JobExecutionService    : Callback applied jobId=ec7368af-4306-4d3f-89a1-7b6a1a6f5a3b outcome=SUCCEEDED status=SUCCEEDED
2026-05-03T22:50:10.842+09:00  INFO 31224 --- [core-api] [io-8080-exec-10] c.a.c.q.a.o.r.RedisJobDispatchAdapter    : Dispatched job 8392f884-cfcd-4190-b320-d103f20d16b7 onto aipipeline:jobs:pending
2026-05-03T22:50:10.850+09:00  INFO 31224 --- [core-api] [nio-8080-exec-8] c.a.c.j.a.service.JobExecutionService    : Claim granted jobId=8392f884-cfcd-4190-b320-d103f20d16b7 workerToken=worker-local-1
2026-05-03T22:50:48.780+09:00  INFO 31224 --- [core-api] [io-8080-exec-10] c.a.c.j.a.service.JobExecutionService    : Callback applied jobId=8392f884-cfcd-4190-b320-d103f20d16b7 outcome=SUCCEEDED status=SUCCEEDED
2026-05-03T22:50:49.934+09:00  INFO 31224 --- [core-api] [nio-8080-exec-9] c.a.c.q.a.o.r.RedisJobDispatchAdapter    : Dispatched job de5bfbf9-0b32-4ce8-a896-34b41ebd3e20 onto aipipeline:jobs:pending
2026-05-03T22:50:49.941+09:00  INFO 31224 --- [core-api] [nio-8080-exec-8] c.a.c.j.a.service.JobExecutionService    : Claim granted jobId=de5bfbf9-0b32-4ce8-a896-34b41ebd3e20 workerToken=worker-local-1
2026-05-03T22:51:20.876+09:00  INFO 31224 --- [core-api] [nio-8080-exec-5] c.a.c.j.a.service.JobExecutionService    : Callback applied jobId=de5bfbf9-0b32-4ce8-a896-34b41ebd3e20 outcome=SUCCEEDED status=SUCCEEDED
2026-05-03T22:52:01.818+09:00  INFO 31224 --- [core-api] [nio-8080-exec-1] c.a.c.q.a.o.r.RedisJobDispatchAdapter    : Dispatched job 93b56b18-646e-4b69-938e-931a33028f7e onto aipipeline:jobs:pending
2026-05-03T22:52:01.869+09:00  INFO 31224 --- [core-api] [nio-8080-exec-5] c.a.c.j.a.service.JobExecutionService    : Claim granted jobId=93b56b18-646e-4b69-938e-931a33028f7e workerToken=worker-local-1
2026-05-03T22:52:02.133+09:00  INFO 31224 --- [core-api] [nio-8080-exec-9] c.a.c.j.a.service.JobExecutionService    : Callback applied jobId=93b56b18-646e-4b69-938e-931a33028f7e outcome=SUCCEEDED status=SUCCEEDED
2026-05-03T22:52:08.287+09:00  INFO 31224 --- [core-api] [nio-8080-exec-7] c.a.c.q.a.o.r.RedisJobDispatchAdapter    : Dispatched job 80e723f2-aad9-4120-a28a-1858a04de1f1 onto aipipeline:jobs:pending
2026-05-03T22:52:08.345+09:00  INFO 31224 --- [core-api] [nio-8080-exec-9] c.a.c.j.a.service.JobExecutionService    : Claim granted jobId=80e723f2-aad9-4120-a28a-1858a04de1f1 workerToken=worker-local-1
2026-05-03T22:52:52.957+09:00  INFO 31224 --- [core-api] [nio-8080-exec-8] c.a.c.j.a.service.JobExecutionService    : Callback applied jobId=80e723f2-aad9-4120-a28a-1858a04de1f1 outcome=SUCCEEDED status=SUCCEEDED
2026-05-03T22:52:53.723+09:00  INFO 31224 --- [core-api] [nio-8080-exec-6] c.a.c.q.a.o.r.RedisJobDispatchAdapter    : Dispatched job ca8ad343-e930-4b14-85b2-e93977e27048 onto aipipeline:jobs:pending
2026-05-03T22:52:53.729+09:00  INFO 31224 --- [core-api] [nio-8080-exec-9] c.a.c.j.a.service.JobExecutionService    : Claim granted jobId=ca8ad343-e930-4b14-85b2-e93977e27048 workerToken=worker-local-1
2026-05-03T22:52:54.925+09:00  INFO 31224 --- [core-api] [   scheduling-1] c.a.c.q.a.o.r.RedisJobDispatchAdapter    : Dispatched job 1e3f3820-aeda-4c86-bdc6-298bbb430f8d onto aipipeline:jobs:pending
2026-05-03T22:52:54.927+09:00  INFO 31224 --- [core-api] [   scheduling-1] c.a.c.j.a.service.JobDispatchReconciler  : Dispatch reconciliation scanned 1 candidate(s), redispatched 1
2026-05-03T22:53:04.949+09:00  INFO 31224 --- [core-api] [   scheduling-1] c.a.c.q.a.o.r.RedisJobDispatchAdapter    : Dispatched job 1e3f3820-aeda-4c86-bdc6-298bbb430f8d onto aipipeline:jobs:pending
2026-05-03T22:53:04.950+09:00  INFO 31224 --- [core-api] [   scheduling-1] c.a.c.j.a.service.JobDispatchReconciler  : Dispatch reconciliation scanned 1 candidate(s), redispatched 1
2026-05-03T22:53:15.301+09:00  INFO 31224 --- [core-api] [   scheduling-1] c.a.c.q.a.o.r.RedisJobDispatchAdapter    : Dispatched job 1e3f3820-aeda-4c86-bdc6-298bbb430f8d onto aipipeline:jobs:pending
2026-05-03T22:53:15.353+09:00  INFO 31224 --- [core-api] [   scheduling-1] c.a.c.j.a.service.JobDispatchReconciler  : Dispatch reconciliation scanned 1 candidate(s), redispatched 1
2026-05-03T22:53:25.703+09:00  INFO 31224 --- [core-api] [   scheduling-1] c.a.c.q.a.o.r.RedisJobDispatchAdapter    : Dispatched job 1e3f3820-aeda-4c86-bdc6-298bbb430f8d onto aipipeline:jobs:pending
2026-05-03T22:53:25.720+09:00  INFO 31224 --- [core-api] [   scheduling-1] c.a.c.j.a.service.JobDispatchReconciler  : Dispatch reconciliation scanned 1 candidate(s), redispatched 1
2026-05-03T22:53:26.202+09:00  INFO 31224 --- [core-api] [nio-8080-exec-5] c.a.c.j.a.service.JobExecutionService    : Callback applied jobId=ca8ad343-e930-4b14-85b2-e93977e27048 outcome=SUCCEEDED status=SUCCEEDED
2026-05-03T22:53:26.256+09:00  INFO 31224 --- [core-api] [nio-8080-exec-7] c.a.c.j.a.service.JobExecutionService    : Claim granted jobId=1e3f3820-aeda-4c86-bdc6-298bbb430f8d workerToken=worker-local-1
2026-05-03T22:53:26.522+09:00  INFO 31224 --- [core-api] [nio-8080-exec-2] c.a.c.q.a.o.r.RedisJobDispatchAdapter    : Dispatched job ac7326e0-4156-4eab-b8e9-0da583044256 onto aipipeline:jobs:pending
2026-05-03T22:53:35.797+09:00  INFO 31224 --- [core-api] [   scheduling-1] c.a.c.q.a.o.r.RedisJobDispatchAdapter    : Dispatched job ac7326e0-4156-4eab-b8e9-0da583044256 onto aipipeline:jobs:pending
2026-05-03T22:53:35.846+09:00  INFO 31224 --- [core-api] [   scheduling-1] c.a.c.j.a.service.JobDispatchReconciler  : Dispatch reconciliation scanned 1 candidate(s), redispatched 1
2026-05-03T22:53:46.433+09:00  INFO 31224 --- [core-api] [   scheduling-1] c.a.c.q.a.o.r.RedisJobDispatchAdapter    : Dispatched job ac7326e0-4156-4eab-b8e9-0da583044256 onto aipipeline:jobs:pending
2026-05-03T22:53:46.684+09:00  INFO 31224 --- [core-api] [   scheduling-1] c.a.c.j.a.service.JobDispatchReconciler  : Dispatch reconciliation scanned 1 candidate(s), redispatched 1
2026-05-03T22:53:55.785+09:00  INFO 31224 --- [core-api] [nio-8080-exec-8] c.a.c.j.a.service.JobExecutionService    : Callback applied jobId=1e3f3820-aeda-4c86-bdc6-298bbb430f8d outcome=SUCCEEDED status=SUCCEEDED
2026-05-03T22:53:55.851+09:00  INFO 31224 --- [core-api] [nio-8080-exec-6] c.a.c.j.a.service.JobExecutionService    : Claim granted jobId=ac7326e0-4156-4eab-b8e9-0da583044256 workerToken=worker-local-1
2026-05-03T22:54:24.394+09:00  INFO 31224 --- [core-api] [nio-8080-exec-6] c.a.c.j.a.service.JobExecutionService    : Callback applied jobId=ac7326e0-4156-4eab-b8e9-0da583044256 outcome=SUCCEEDED status=SUCCEEDED
2026-05-03T22:54:24.730+09:00  INFO 31224 --- [core-api] [nio-8080-exec-5] c.a.c.q.a.o.r.RedisJobDispatchAdapter    : Dispatched job c57f83cb-a753-477d-9e23-f565dd9cf928 onto aipipeline:jobs:pending
2026-05-03T22:54:24.736+09:00  INFO 31224 --- [core-api] [nio-8080-exec-2] c.a.c.j.a.service.JobExecutionService    : Claim granted jobId=c57f83cb-a753-477d-9e23-f565dd9cf928 workerToken=worker-local-1
2026-05-03T22:54:49.219+09:00  INFO 31224 --- [core-api] [nio-8080-exec-8] c.a.c.j.a.service.JobExecutionService    : Callback applied jobId=c57f83cb-a753-477d-9e23-f565dd9cf928 outcome=SUCCEEDED status=SUCCEEDED
2026-05-03T22:54:50.497+09:00  INFO 31224 --- [core-api] [nio-8080-exec-1] c.a.c.q.a.o.r.RedisJobDispatchAdapter    : Dispatched job c21ebd15-5f51-4f19-a7eb-a85dccfb058d onto aipipeline:jobs:pending
2026-05-03T22:54:50.503+09:00  INFO 31224 --- [core-api] [nio-8080-exec-6] c.a.c.j.a.service.JobExecutionService    : Claim granted jobId=c21ebd15-5f51-4f19-a7eb-a85dccfb058d workerToken=worker-local-1
2026-05-03T22:55:16.312+09:00  INFO 31224 --- [core-api] [nio-8080-exec-3] c.a.c.j.a.service.JobExecutionService    : Callback applied jobId=c21ebd15-5f51-4f19-a7eb-a85dccfb058d outcome=SUCCEEDED status=SUCCEEDED
2026-05-03T22:55:17.237+09:00  INFO 31224 --- [core-api] [nio-8080-exec-5] c.a.c.q.a.o.r.RedisJobDispatchAdapter    : Dispatched job 9614db45-7254-428a-866a-0f91e9467c82 onto aipipeline:jobs:pending
2026-05-03T22:55:17.245+09:00  INFO 31224 --- [core-api] [io-8080-exec-10] c.a.c.j.a.service.JobExecutionService    : Claim granted jobId=9614db45-7254-428a-866a-0f91e9467c82 workerToken=worker-local-1
2026-05-03T22:55:41.567+09:00  INFO 31224 --- [core-api] [nio-8080-exec-3] c.a.c.j.a.service.JobExecutionService    : Callback applied jobId=9614db45-7254-428a-866a-0f91e9467c82 outcome=SUCCEEDED status=SUCCEEDED
2026-05-03T22:55:41.992+09:00  INFO 31224 --- [core-api] [nio-8080-exec-2] c.a.c.q.a.o.r.RedisJobDispatchAdapter    : Dispatched job 99f014cb-0191-4b48-86d1-0ea164f7ecb9 onto aipipeline:jobs:pending
2026-05-03T22:55:41.997+09:00  INFO 31224 --- [core-api] [nio-8080-exec-1] c.a.c.j.a.service.JobExecutionService    : Claim granted jobId=99f014cb-0191-4b48-86d1-0ea164f7ecb9 workerToken=worker-local-1
2026-05-03T22:56:12.331+09:00  INFO 31224 --- [core-api] [nio-8080-exec-6] c.a.c.j.a.service.JobExecutionService    : Callback applied jobId=99f014cb-0191-4b48-86d1-0ea164f7ecb9 outcome=SUCCEEDED status=SUCCEEDED
2026-05-03T22:56:12.774+09:00  INFO 31224 --- [core-api] [io-8080-exec-10] c.a.c.q.a.o.r.RedisJobDispatchAdapter    : Dispatched job 8388f35c-1403-4c73-a92d-a708a56478f5 onto aipipeline:jobs:pending
2026-05-03T22:56:12.780+09:00  INFO 31224 --- [core-api] [nio-8080-exec-2] c.a.c.j.a.service.JobExecutionService    : Claim granted jobId=8388f35c-1403-4c73-a92d-a708a56478f5 workerToken=worker-local-1
2026-05-03T22:56:37.690+09:00  INFO 31224 --- [core-api] [nio-8080-exec-3] c.a.c.j.a.service.JobExecutionService    : Callback applied jobId=8388f35c-1403-4c73-a92d-a708a56478f5 outcome=SUCCEEDED status=SUCCEEDED
2026-05-03T22:57:00.643+09:00  INFO 31224 --- [core-api] [nio-8080-exec-7] c.a.c.q.a.o.r.RedisJobDispatchAdapter    : Dispatched job 19d1c281-1b21-4121-8e1b-6222718c7376 onto aipipeline:jobs:pending
2026-05-03T22:57:00.673+09:00  INFO 31224 --- [core-api] [nio-8080-exec-8] c.a.c.j.a.service.JobExecutionService    : Claim granted jobId=19d1c281-1b21-4121-8e1b-6222718c7376 workerToken=worker-local-1
2026-05-03T22:57:31.534+09:00  INFO 31224 --- [core-api] [nio-8080-exec-8] c.a.c.j.a.service.JobExecutionService    : Callback applied jobId=19d1c281-1b21-4121-8e1b-6222718c7376 outcome=SUCCEEDED status=SUCCEEDED
2026-05-03T22:57:32.517+09:00  INFO 31224 --- [core-api] [nio-8080-exec-7] c.a.c.q.a.o.r.RedisJobDispatchAdapter    : Dispatched job d4c7001f-3b27-41a2-8e6d-88308707d9fd onto aipipeline:jobs:pending
2026-05-03T22:57:32.524+09:00  INFO 31224 --- [core-api] [nio-8080-exec-6] c.a.c.j.a.service.JobExecutionService    : Claim granted jobId=d4c7001f-3b27-41a2-8e6d-88308707d9fd workerToken=worker-local-1
2026-05-03T22:57:58.930+09:00  INFO 31224 --- [core-api] [nio-8080-exec-5] c.a.c.j.a.service.JobExecutionService    : Callback applied jobId=d4c7001f-3b27-41a2-8e6d-88308707d9fd outcome=SUCCEEDED status=SUCCEEDED
2026-05-03T22:58:00.131+09:00  INFO 31224 --- [core-api] [nio-8080-exec-1] c.a.c.q.a.o.r.RedisJobDispatchAdapter    : Dispatched job d042b36d-4224-4ac9-8a99-26618d8f3391 onto aipipeline:jobs:pending
2026-05-03T22:58:00.138+09:00  INFO 31224 --- [core-api] [nio-8080-exec-8] c.a.c.j.a.service.JobExecutionService    : Claim granted jobId=d042b36d-4224-4ac9-8a99-26618d8f3391 workerToken=worker-local-1
2026-05-03T22:58:28.931+09:00  INFO 31224 --- [core-api] [nio-8080-exec-4] c.a.c.j.a.service.JobExecutionService    : Callback applied jobId=d042b36d-4224-4ac9-8a99-26618d8f3391 outcome=SUCCEEDED status=SUCCEEDED
2026-05-03T22:58:29.972+09:00  INFO 31224 --- [core-api] [nio-8080-exec-3] c.a.c.q.a.o.r.RedisJobDispatchAdapter    : Dispatched job e4ea38c8-8490-44b2-9296-99d7afba620c onto aipipeline:jobs:pending
2026-05-03T22:58:29.977+09:00  INFO 31224 --- [core-api] [nio-8080-exec-2] c.a.c.j.a.service.JobExecutionService    : Claim granted jobId=e4ea38c8-8490-44b2-9296-99d7afba620c workerToken=worker-local-1
2026-05-03T22:58:54.960+09:00  INFO 31224 --- [core-api] [nio-8080-exec-9] c.a.c.j.a.service.JobExecutionService    : Callback applied jobId=e4ea38c8-8490-44b2-9296-99d7afba620c outcome=SUCCEEDED status=SUCCEEDED
2026-05-03T22:58:56.053+09:00  INFO 31224 --- [core-api] [nio-8080-exec-7] c.a.c.q.a.o.r.RedisJobDispatchAdapter    : Dispatched job 1089266f-cc32-4c4d-b16c-174d44c6f6fa onto aipipeline:jobs:pending
2026-05-03T22:58:56.059+09:00  INFO 31224 --- [core-api] [io-8080-exec-10] c.a.c.j.a.service.JobExecutionService    : Claim granted jobId=1089266f-cc32-4c4d-b16c-174d44c6f6fa workerToken=worker-local-1
2026-05-03T22:59:25.668+09:00  INFO 31224 --- [core-api] [nio-8080-exec-6] c.a.c.j.a.service.JobExecutionService    : Callback applied jobId=1089266f-cc32-4c4d-b16c-174d44c6f6fa outcome=SUCCEEDED status=SUCCEEDED
2026-05-03T22:59:26.718+09:00  INFO 31224 --- [core-api] [nio-8080-exec-8] c.a.c.q.a.o.r.RedisJobDispatchAdapter    : Dispatched job 31979485-6fab-4f39-9b0d-4e02f75c3791 onto aipipeline:jobs:pending
2026-05-03T22:59:26.726+09:00  INFO 31224 --- [core-api] [nio-8080-exec-7] c.a.c.j.a.service.JobExecutionService    : Claim granted jobId=31979485-6fab-4f39-9b0d-4e02f75c3791 workerToken=worker-local-1
2026-05-03T22:59:54.181+09:00  INFO 31224 --- [core-api] [nio-8080-exec-2] c.a.c.j.a.service.JobExecutionService    : Callback applied jobId=31979485-6fab-4f39-9b0d-4e02f75c3791 outcome=SUCCEEDED status=SUCCEEDED
2026-05-03T22:59:54.616+09:00  INFO 31224 --- [core-api] [nio-8080-exec-1] c.a.c.q.a.o.r.RedisJobDispatchAdapter    : Dispatched job 510170eb-33fe-42ae-aca1-385badc837d1 onto aipipeline:jobs:pending
2026-05-03T22:59:54.623+09:00  INFO 31224 --- [core-api] [nio-8080-exec-6] c.a.c.j.a.service.JobExecutionService    : Claim granted jobId=510170eb-33fe-42ae-aca1-385badc837d1 workerToken=worker-local-1
2026-05-03T23:00:21.747+09:00  INFO 31224 --- [core-api] [nio-8080-exec-9] c.a.c.j.a.service.JobExecutionService    : Callback applied jobId=510170eb-33fe-42ae-aca1-385badc837d1 outcome=SUCCEEDED status=SUCCEEDED
2026-05-03T23:00:22.305+09:00  INFO 31224 --- [core-api] [nio-8080-exec-4] c.a.c.q.a.o.r.RedisJobDispatchAdapter    : Dispatched job 88d9bfa9-7578-40df-9cd7-e4aaebec99e7 onto aipipeline:jobs:pending
2026-05-03T23:00:22.310+09:00  INFO 31224 --- [core-api] [nio-8080-exec-2] c.a.c.j.a.service.JobExecutionService    : Claim granted jobId=88d9bfa9-7578-40df-9cd7-e4aaebec99e7 workerToken=worker-local-1
2026-05-03T23:00:45.348+09:00  INFO 31224 --- [core-api] [nio-8080-exec-7] c.a.c.j.a.service.JobExecutionService    : Callback applied jobId=88d9bfa9-7578-40df-9cd7-e4aaebec99e7 outcome=SUCCEEDED status=SUCCEEDED
2026-05-03T23:00:51.787+09:00  INFO 31224 --- [core-api] [nio-8080-exec-3] c.a.c.q.a.o.r.RedisJobDispatchAdapter    : Dispatched job 35821b97-ce58-49f8-8382-94c5fb65a55d onto aipipeline:jobs:pending
2026-05-03T23:00:51.805+09:00  INFO 31224 --- [core-api] [nio-8080-exec-8] c.a.c.j.a.service.JobExecutionService    : Claim granted jobId=35821b97-ce58-49f8-8382-94c5fb65a55d workerToken=worker-local-1
2026-05-03T23:00:52.814+09:00  INFO 31224 --- [core-api] [nio-8080-exec-7] c.a.c.j.a.service.JobExecutionService    : Callback applied jobId=35821b97-ce58-49f8-8382-94c5fb65a55d outcome=SUCCEEDED status=SUCCEEDED
2026-05-03T23:06:36.057+09:00  INFO 31224 --- [core-api] [nio-8080-exec-1] c.a.c.q.a.o.r.RedisJobDispatchAdapter    : Dispatched job 39ea331f-4572-4857-8ccd-827344117eb3 onto aipipeline:jobs:pending
2026-05-03T23:06:36.063+09:00  INFO 31224 --- [core-api] [nio-8080-exec-9] c.a.c.j.a.service.JobExecutionService    : Claim granted jobId=39ea331f-4572-4857-8ccd-827344117eb3 workerToken=worker-local-1
2026-05-03T23:06:46.854+09:00  INFO 31224 --- [core-api] [nio-8080-exec-1] c.a.c.j.a.service.JobExecutionService    : Callback applied jobId=39ea331f-4572-4857-8ccd-827344117eb3 outcome=SUCCEEDED status=SUCCEEDED
2026-05-03T23:06:50.375+09:00  INFO 31224 --- [core-api] [nio-8080-exec-2] c.a.c.q.a.o.r.RedisJobDispatchAdapter    : Dispatched job 80b6441c-1021-4aa2-ae09-149e027b4949 onto aipipeline:jobs:pending
2026-05-03T23:06:50.381+09:00  INFO 31224 --- [core-api] [nio-8080-exec-3] c.a.c.j.a.service.JobExecutionService    : Claim granted jobId=80b6441c-1021-4aa2-ae09-149e027b4949 workerToken=worker-local-1
2026-05-03T23:07:18.387+09:00  INFO 31224 --- [core-api] [nio-8080-exec-5] c.a.c.j.a.service.JobExecutionService    : Callback applied jobId=80b6441c-1021-4aa2-ae09-149e027b4949 outcome=SUCCEEDED status=SUCCEEDED
2026-05-03T23:07:21.859+09:00  INFO 31224 --- [core-api] [nio-8080-exec-3] c.a.c.q.a.o.r.RedisJobDispatchAdapter    : Dispatched job 19f04827-7016-4249-99e1-4e1499a1f3e3 onto aipipeline:jobs:pending
2026-05-03T23:07:21.866+09:00  INFO 31224 --- [core-api] [io-8080-exec-10] c.a.c.j.a.service.JobExecutionService    : Claim granted jobId=19f04827-7016-4249-99e1-4e1499a1f3e3 workerToken=worker-local-1
2026-05-03T23:07:43.435+09:00  INFO 31224 --- [core-api] [nio-8080-exec-3] c.a.c.j.a.service.JobExecutionService    : Callback applied jobId=19f04827-7016-4249-99e1-4e1499a1f3e3 outcome=SUCCEEDED status=SUCCEEDED
2026-05-03T23:07:47.173+09:00  INFO 31224 --- [core-api] [nio-8080-exec-1] c.a.c.q.a.o.r.RedisJobDispatchAdapter    : Dispatched job de2e5838-c139-4f65-ac49-08060ce792e1 onto aipipeline:jobs:pending
2026-05-03T23:07:47.178+09:00  INFO 31224 --- [core-api] [nio-8080-exec-8] c.a.c.j.a.service.JobExecutionService    : Claim granted jobId=de2e5838-c139-4f65-ac49-08060ce792e1 workerToken=worker-local-1
2026-05-03T23:08:05.629+09:00  INFO 31224 --- [core-api] [io-8080-exec-10] c.a.c.j.a.service.JobExecutionService    : Callback applied jobId=de2e5838-c139-4f65-ac49-08060ce792e1 outcome=SUCCEEDED status=SUCCEEDED
2026-05-03T23:08:09.537+09:00  INFO 31224 --- [core-api] [nio-8080-exec-8] c.a.c.q.a.o.r.RedisJobDispatchAdapter    : Dispatched job 38136e38-b436-46e8-bc14-25836843c3b8 onto aipipeline:jobs:pending
2026-05-03T23:08:09.545+09:00  INFO 31224 --- [core-api] [nio-8080-exec-9] c.a.c.j.a.service.JobExecutionService    : Claim granted jobId=38136e38-b436-46e8-bc14-25836843c3b8 workerToken=worker-local-1
2026-05-03T23:08:35.547+09:00  INFO 31224 --- [core-api] [nio-8080-exec-2] c.a.c.j.a.service.JobExecutionService    : Callback applied jobId=38136e38-b436-46e8-bc14-25836843c3b8 outcome=SUCCEEDED status=SUCCEEDED
2026-05-03T23:08:38.943+09:00  INFO 31224 --- [core-api] [nio-8080-exec-5] c.a.c.q.a.o.r.RedisJobDispatchAdapter    : Dispatched job f3e4d202-fb08-4a7f-bcca-58a5e2af66dd onto aipipeline:jobs:pending
2026-05-03T23:08:38.949+09:00  INFO 31224 --- [core-api] [nio-8080-exec-8] c.a.c.j.a.service.JobExecutionService    : Claim granted jobId=f3e4d202-fb08-4a7f-bcca-58a5e2af66dd workerToken=worker-local-1
2026-05-03T23:08:39.258+09:00  INFO 31224 --- [core-api] [nio-8080-exec-4] c.a.c.j.a.service.JobExecutionService    : Callback applied jobId=f3e4d202-fb08-4a7f-bcca-58a5e2af66dd outcome=SUCCEEDED status=SUCCEEDED
2026-05-03T23:08:40.199+09:00  INFO 31224 --- [core-api] [nio-8080-exec-1] c.a.c.q.a.o.r.RedisJobDispatchAdapter    : Dispatched job 7b870462-3999-4485-85b8-e9904990a753 onto aipipeline:jobs:pending
2026-05-03T23:08:40.203+09:00  INFO 31224 --- [core-api] [nio-8080-exec-5] c.a.c.j.a.service.JobExecutionService    : Claim granted jobId=7b870462-3999-4485-85b8-e9904990a753 workerToken=worker-local-1
2026-05-03T23:08:49.120+09:00  INFO 31224 --- [core-api] [nio-8080-exec-2] c.a.c.j.a.service.JobExecutionService    : Callback applied jobId=7b870462-3999-4485-85b8-e9904990a753 outcome=SUCCEEDED status=SUCCEEDED
2026-05-03T23:08:51.554+09:00  INFO 31224 --- [core-api] [nio-8080-exec-1] c.a.c.q.a.o.r.RedisJobDispatchAdapter    : Dispatched job cdc20c64-4da1-4965-90db-50b3790bcbb2 onto aipipeline:jobs:pending
2026-05-03T23:08:51.560+09:00  INFO 31224 --- [core-api] [nio-8080-exec-9] c.a.c.j.a.service.JobExecutionService    : Claim granted jobId=cdc20c64-4da1-4965-90db-50b3790bcbb2 workerToken=worker-local-1
2026-05-03T23:08:52.605+09:00  INFO 31224 --- [core-api] [nio-8080-exec-6] c.a.c.j.a.service.JobExecutionService    : Callback applied jobId=cdc20c64-4da1-4965-90db-50b3790bcbb2 outcome=SUCCEEDED status=SUCCEEDED
